model,group,case,xlink_regime,run_dir,run_path,n_frames_used,threshold_vz_abs,mean_vz_abs,std_vz_abs,peak_vz_abs,time_to_peak_min,auc_vz_abs,active_transport_fraction,onset_time_min,net_z_displacement,abs_net_z_displacement,early_mean_vz_abs,mid_mean_vz_abs,late_mean_vz_abs
control,control,c0_m0,1:4,r0001,/home/thekaka/project/cytosim/control/2/r0001,800,0.009560635356359143,0.003921693590069286,0.0032153408586784835,0.02054521830563355,12.966666666666667,3.136585246606481,0.05375,9.183333333333334,-0.2447408927655207,0.2447408927655207,0.003886717684497416,0.003613480507507516,0.004307989246008782
control,control,c0_m0,1:4,r0002,/home/thekaka/project/cytosim/control/2/r0002,800,0.009560635356359143,0.003364823602198126,0.0029896981267469604,0.031099624060150072,8.066666666666666,2.6900216114172935,0.04125,0.06666666666666667,-0.14409448818897647,0.14409448818897647,0.0031759039249496922,0.0036342043087202805,0.0032281860194614555
control,control,c0_m0,1:4,r0003,/home/thekaka/project/cytosim/control/2/r0003,800,0.009560635356359143,0.0031538307102755504,0.0025462903607027373,0.01248725790010201,1.3166666666666667,2.5184037277018874,0.025,nan,0.05086092670479077,0.05086092670479077,0.003209308069779322,0.0031356854579547844,0.0031238862151599473
control,control,c0_m0,1:4,r0004,/home/thekaka/project/cytosim/control/2/r0004,800,0.009560635356359143,0.004461663367869766,0.0038707582867681454,0.02247151700747474,3.3833333333333333,3.5615860579797474,0.09875,3.35,0.14526425954997302,0.14526425954997302,0.004251365864163104,0.00463130701930816,0.004459241942407597
control,control,c0_m0,1:4,r0005,/home/thekaka/project/cytosim/control/2/r0005,800,0.009560635356359143,0.003548113977839811,0.003063050276921561,0.023702203929898774,12.1,2.837163513657936,0.05125,nan,-0.11178969729155691,0.11178969729155691,0.004171885859864526,0.0031163266033077583,0.0034732278956777773
control,control,c0_m0,1:4,r0006,/home/thekaka/project/cytosim/control/2/r0006,800,0.009560635356359143,0.0028544146586593723,0.0024303608142378875,0.017108402090913286,0.4666666666666667,2.2756915650660927,0.02125,12.5,0.04855842185128925,0.04855842185128925,0.0029302734364552614,0.0027386037986529862,0.002918066038386187
control,control,c0_m0,1:4,r0007,/home/thekaka/project/cytosim/control/2/r0007,800,0.009560635356359143,0.0037094890482329934,0.0031165372226549474,0.021700097111048366,12.9,2.961477508354233,0.0525,1.3666666666666667,0.22969120481200278,0.22969120481200278,0.0037299627438782206,0.0036874191893725198,0.003716108758573733
control,control,c0_m0,1:4,r0008,/home/thekaka/project/cytosim/control/2/r0008,800,0.009560635356359143,0.003682205060078294,0.003185442991416397,0.018612478150566165,8.233333333333333,2.941608552084084,0.065,6.633333333333334,-0.23324396782841805,0.23324396782841805,0.0036326404474678557,0.0037660662193514205,0.0036311996755264042
control,control,c0_m0,1:4,r0009,/home/thekaka/project/cytosim/control/2/r0009,800,0.009560635356359143,0.0032781567404577953,0.002578770426593025,0.01636068723284967,12.866666666666667,2.620060434122564,0.0225,nan,-0.11929368599712764,0.11929368599712764,0.003152242574906814,0.0033199649087213485,0.003345402085621085
control,control,c0_m0,1:4,r0010,/home/thekaka/project/cytosim/control/2/r0010,800,0.009560635356359143,0.004081656892555655,0.0033001455441532494,0.019885920436817583,8.6,3.2596052852353723,0.06875,nan,-0.18148725949037914,0.18148725949037914,0.004208554286526161,0.004120529558910853,0.0039207746049483355
control,control,c0_m0,1:8,r0011,/home/thekaka/project/cytosim/control/2/r0011,800,0.009853449874497095,0.0038882125861370988,0.003501682380169005,0.028071875932001188,12.45,3.100278250254129,0.06125,11.25,-0.05914538822303279,0.05914538822303279,0.003865847252429201,0.0033589383093012492,0.004517053957044923
control,control,c0_m0,1:8,r0012,/home/thekaka/project/cytosim/control/2/r0012,800,0.009853449874497095,0.0033569248017707902,0.002706539534359173,0.01523373776655712,0.2,2.6774174402147337,0.0325,nan,-0.04659882163899276,0.04659882163899276,0.003494617858297264,0.003249753975311236,0.0033540229145218987
control,control,c0_m0,1:8,r0013,/home/thekaka/project/cytosim/control/2/r0013,800,0.009853449874497095,0.004747031880925591,0.004326488957007274,0.031546371229848796,11.683333333333334,3.7934675005824685,0.1025,13.083333333333334,-0.01975051975051978,0.01975051975051978,0.004013333536504808,0.004478913474524568,0.005727067996775683
control,control,c0_m0,1:8,r0014,/home/thekaka/project/cytosim/control/2/r0014,800,0.009853449874497095,0.0037558206667687387,0.0030626823897307877,0.02025641025641005,12.583333333333334,2.9991445014524207,0.0425,nan,0.010128665115851032,0.010128665115851032,0.0034915548390489462,0.003899283466210884,0.003832911444517348
control,control,c0_m0,1:8,r0015,/home/thekaka/project/cytosim/control/2/r0015,800,0.009853449874497095,0.00288519090693635,0.0025306922705803756,0.018660922142148373,0.45,2.305783611046637,0.0175,nan,0.10636182902584462,0.10636182902584462,0.0033137394617266695,0.0026252093256892896,0.0027915946225655895
control,control,c0_m0,1:8,r0016,/home/thekaka/project/cytosim/control/2/r0016,800,0.009853449874497095,0.004296064716875162,0.0035931730095204394,0.023011055788405232,5.366666666666666,3.43516258431094,0.0775,nan,0.2684511434511434,0.2684511434511434,0.003942918534924426,0.004276258805841331,0.004642209202685029
control,control,c0_m0,1:8,r0017,/home/thekaka/project/cytosim/control/2/r0017,800,0.009853449874497095,0.003404031789873563,0.002665104163422024,0.017875920084121755,1.3833333333333333,2.7208607445630637,0.025,nan,0.043615344193379646,0.043615344193379646,0.003609092110634816,0.0032833592842969666,0.003354960276505897
control,control,c0_m0,1:8,r0018,/home/thekaka/project/cytosim/control/2/r0018,800,0.009853449874497095,0.0038143784664808737,0.003708941972001702,0.04583857491186405,0.016666666666666666,3.027599233760263,0.06125,8.133333333333333,-0.08366141732283525,0.08366141732283525,0.003959390776426837,0.0037528213891404928,0.003752344677687881
control,control,c0_m0,1:8,r0019,/home/thekaka/project/cytosim/control/2/r0019,800,0.009853449874497095,0.003755098390478447,0.003214057592963952,0.01967194639282399,4.833333333333333,3.0008695474983944,0.05375,2.2333333333333334,-0.10867372667675257,0.10867372667675257,0.004258512884140881,0.00380207181815935,0.003240124856801847
control,control,c0_m0,1:8,r0020,/home/thekaka/project/cytosim/control/2/r0020,800,0.009853449874497095,0.0033541967610203082,0.0027365398498948564,0.016386844000224693,11.716666666666667,2.680023328335398,0.02625,nan,0.12061808431376853,0.12061808431376853,0.0031620532614492192,0.00331319776857249,0.0035772695354717872
control,control,c0_m0,1:16,r0021,/home/thekaka/project/cytosim/control/2/r0021,800,0.009608760109627612,0.0033398166371850467,0.0029791176811632776,0.021487721017299455,3.7333333333333334,2.665799729119496,0.0375,5.833333333333333,0.10097887686759455,0.10097887686759455,0.003890936658741661,0.0031107676622070648,0.0030984258607151772
control,control,c0_m0,1:16,r0022,/home/thekaka/project/cytosim/control/2/r0022,800,0.009608760109627612,0.003764885310823529,0.0031357184671973854,0.019516117088239027,13.15,3.0044081231624515,0.05625,0.36666666666666664,0.3111159401527621,0.3111159401527621,0.0038873406233114896,0.0036432586279046566,0.003792552687034406
control,control,c0_m0,1:16,r0023,/home/thekaka/project/cytosim/control/2/r0023,800,0.009608760109627612,0.003941087946926171,0.003446426720549046,0.020492493573862,2.1166666666666667,3.1499366470149344,0.06875,nan,-0.05867877155121709,0.05867877155121709,0.0039162224773304465,0.004064888092492576,0.0038215584586635543
control,control,c0_m0,1:16,r0024,/home/thekaka/project/cytosim/control/2/r0024,800,0.009608760109627612,0.0037601473538747925,0.003194343935923603,0.0199172271081223,3.433333333333333,3.003138643126819,0.05625,9.366666666666667,0.16731252789067713,0.16731252789067713,0.0043144829558024065,0.0034990955654737826,0.0035525968851376406
control,control,c0_m0,1:16,r0025,/home/thekaka/project/cytosim/control/2/r0025,800,0.009608760109627612,0.003891019615752645,0.0031461697114298437,0.022455047859133326,2.1166666666666667,3.105136043671781,0.0575,2.1166666666666667,0.0938014262205159,0.0938014262205159,0.004085129077245491,0.0037948682731427665,0.003823790655929554
control,control,c0_m0,1:16,r0026,/home/thekaka/project/cytosim/control/2/r0026,800,0.009608760109627612,0.003827455516221583,0.003633912410572074,0.03375589896392844,1.05,3.055205189946202,0.0625,nan,0.08197686391202763,0.08197686391202763,0.0045382387091127225,0.0037065333661882747,0.0033155760599342648
control,control,c0_m0,1:16,r0027,/home/thekaka/project/cytosim/control/2/r0027,800,0.009608760109627612,0.003230155473794797,0.002563295888091655,0.017562592898520024,8.583333333333334,2.581014563485349,0.02375,nan,0.014858970123314497,0.014858970123314497,0.0031871932726739477,0.0034576729341720056,0.0030079820176826142
control,control,c0_m0,1:16,r0028,/home/thekaka/project/cytosim/control/2/r0028,800,0.009608760109627612,0.004030947830943465,0.0035059015253287177,0.032256521997606244,0.65,3.2212252603541103,0.06875,0.6166666666666667,0.10326377742107931,0.10326377742107931,0.0041759202594275025,0.0037533166680969302,0.0042173115797797716
control,control,c0_m0,1:16,r0029,/home/thekaka/project/cytosim/control/2/r0029,800,0.009608760109627612,0.0033842346081382722,0.0028384735402139467,0.01865956829981774,9.85,2.704022355447892,0.0375,nan,0.28214378180497246,0.28214378180497246,0.003683357571558124,0.003350624503723124,0.0031489573785106863
control,control,c0_m0,1:16,r0030,/home/thekaka/project/cytosim/control/2/r0030,800,0.009608760109627612,0.003154002311897632,0.002760928156168861,0.021107756300805136,1.4,2.5175508289999255,0.03125,nan,-0.15904154588027808,0.15904154588027808,0.003720712586134374,0.002876547519746554,0.0029539742739771034
fixed_global_motor_force,c40_m12,uf0p5,1:4,r0001,/home/thekaka/project/cytosim/clu_fixed_global_force_sweep/c40_m12/uf0p5/r0001,400,0.009560635356359143,0.002654356632503071,0.002202018138560182,0.014970753701706113,8.966666666666667,2.1201408243971054,0.01,nan,0.28874024526198394,0.28874024526198394,0.002809924109908658,0.00250120051189459,0.0026884092147932037
fixed_global_motor_force,c40_m12,uf0p5,1:4,r0002,/home/thekaka/project/cytosim/clu_fixed_global_force_sweep/c40_m12/uf0p5/r0002,400,0.009560635356359143,0.0019221376053528908,0.0014932006275012151,0.008782740423711733,0.4,1.5349219371972724,0.0,nan,0.05210748245328227,0.05210748245328227,0.0019467386963923053,0.0018862302753946136,0.0019409053126815262
fixed_global_motor_force,c40_m12,uf0p5,1:4,r0003,/home/thekaka/project/cytosim/clu_fixed_global_force_sweep/c40_m12/uf0p5/r0003,400,0.009560635356359143,0.002023100968763895,0.001552549091394627,0.008295058448226394,10.133333333333333,1.6145581808688572,0.0,nan,0.18017782426778262,0.18017782426778262,0.0020805895490884404,0.0020904089413243516,0.0018938083203464185
fixed_global_motor_force,c40_m12,uf0p5,1:4,r0004,/home/thekaka/project/cytosim/clu_fixed_global_force_sweep/c40_m12/uf0p5/r0004,400,0.009560635356359143,0.0029179869947559022,0.002493901251896724,0.019189068692670258,0.03333333333333333,2.3147116797717913,0.0225,nan,-0.0011431960936039154,0.0011431960936039154,0.0031251597805845104,0.0027397968231264425,0.0029338264163651746
fixed_global_motor_force,c40_m12,uf0p5,1:4,r0005,/home/thekaka/project/cytosim/clu_fixed_global_force_sweep/c40_m12/uf0p5/r0005,400,0.009560635356359143,0.0022460690721381304,0.001746515872189295,0.011030483937039481,8.433333333333334,1.7914002284396153,0.005,nan,0.1596593932943061,0.1596593932943061,0.0021211544376065336,0.0025198321801037805,0.002046071937133645
fixed_global_motor_force,c40_m12,uf0p5,1:4,r0006,/home/thekaka/project/cytosim/clu_fixed_global_force_sweep/c40_m12/uf0p5/r0006,400,0.009560635356359143,0.0018812238672063037,0.0015541722197259602,0.010775292685201526,0.7333333333333333,1.50243047905135,0.0025,nan,-0.03617211480690552,0.03617211480690552,0.0019359728185779788,0.0020744013138751724,0.0016102945373318027
fixed_global_motor_force,c40_m12,uf0p5,1:4,r0007,/home/thekaka/project/cytosim/clu_fixed_global_force_sweep/c40_m12/uf0p5/r0007,400,0.009560635356359143,0.0025066460734203544,0.0020692560618185774,0.012349307271457693,8.866666666666667,1.9977621532597132,0.0075,nan,-0.0962732700649318,0.0962732700649318,0.002242451896967702,0.0028228061429490746,0.0023846239098215564
fixed_global_motor_force,c40_m12,uf0p5,1:4,r0008,/home/thekaka/project/cytosim/clu_fixed_global_force_sweep/c40_m12/uf0p5/r0008,400,0.009560635356359143,0.002186881615443982,0.0017103523734041067,0.00933593276524497,2.7666666666666666,1.7459243904984212,0.0,nan,0.12599469496021287,0.12599469496021287,0.002324133527439018,0.0020505533804112755,0.0022183034301576973
fixed_global_motor_force,c40_m12,uf0p5,1:4,r0009,/home/thekaka/project/cytosim/clu_fixed_global_force_sweep/c40_m12/uf0p5/r0009,400,0.009560635356359143,0.001973928590007069,0.0014990404604630098,0.009328177295223422,4.2,1.5764615645490663,0.0,nan,0.023748723186925114,0.023748723186925114,0.0018340135967932262,0.002021573780888718,0.0020464713805429468
fixed_global_motor_force,c40_m12,uf0p5,1:4,r0010,/home/thekaka/project/cytosim/clu_fixed_global_force_sweep/c40_m12/uf0p5/r0010,400,0.009560635356359143,0.0022203859568559734,0.001803285311595942,0.010520003426121374,1.8333333333333333,1.7705405431460268,0.0075,nan,-0.1103828002097531,0.1103828002097531,0.0021456286548349286,0.0021753309147660898,0.0023398850045963323
fixed_global_motor_force,c40_m12,uf0p5,1:8,r0011,/home/thekaka/project/cytosim/clu_fixed_global_force_sweep/c40_m12/uf0p5/r0011,400,0.009853449874497095,0.0021516864997928216,0.0016497676202943154,0.008670781397183025,2.933333333333333,1.7174266056919971,0.0,nan,0.1848849372384942,0.1848849372384942,0.001777848380301262,0.002389222003268279,0.0022192926883285234
fixed_global_motor_force,c40_m12,uf0p5,1:8,r0012,/home/thekaka/project/cytosim/clu_fixed_global_force_sweep/c40_m12/uf0p5/r0012,400,0.009853449874497095,0.002105391546680763,0.001774402733405441,0.010078631452251414,1.1666666666666667,1.6832661169257626,0.0025,nan,0.2191099476439792,0.2191099476439792,0.002441771399290651,0.0019849768290832784,0.0019377045633147026
fixed_global_motor_force,c40_m12,uf0p5,1:8,r0013,/home/thekaka/project/cytosim/clu_fixed_global_force_sweep/c40_m12/uf0p5/r0013,400,0.009853449874497095,0.0027135415418479934,0.0023377838853063954,0.012806898029369865,2.0,2.1632176002120156,0.01,nan,-0.062227655394207104,0.062227655394207104,0.0024316375826632696,0.003119045779178503,0.002505304408591549
fixed_global_motor_force,c40_m12,uf0p5,1:8,r0014,/home/thekaka/project/cytosim/clu_fixed_global_force_sweep/c40_m12/uf0p5/r0014,400,0.009853449874497095,0.0023294522518482862,0.0018827008598692814,0.011404179408766632,5.0,1.8585814262476499,0.0025,nan,-0.04735234215885892,0.04735234215885892,0.002158090455317835,0.0025644762752812635,0.0022160053073610885
fixed_global_motor_force,c40_m12,uf0p5,1:8,r0015,/home/thekaka/project/cytosim/clu_fixed_global_force_sweep/c40_m12/uf0p5/r0015,400,0.009853449874497095,0.00186508308850544,0.0014672982157261777,0.008679559463399655,6.066666666666666,1.487211145984572,0.0,nan,0.0062787594600461905,0.0062787594600461905,0.0017224500421414782,0.0018602653270974356,0.002000167032997899
fixed_global_motor_force,c40_m12,uf0p5,1:8,r0016,/home/thekaka/project/cytosim/clu_fixed_global_force_sweep/c40_m12/uf0p5/r0016,400,0.009853449874497095,0.0027737495866566224,0.0024522151154932484,0.02084477204926881,0.03333333333333333,2.1952152927864517,0.0075,nan,0.1148946446208729,0.1148946446208729,0.0029679077013766994,0.0027266702596461336,0.0026512845744419973
fixed_global_motor_force,c40_m12,uf0p5,1:8,r0017,/home/thekaka/project/cytosim/clu_fixed_global_force_sweep/c40_m12/uf0p5/r0017,400,0.009853449874497095,0.002340747961880802,0.0021889089662098936,0.016322925778884362,5.733333333333333,1.867417022354382,0.01,nan,-0.04844559585492225,0.04844559585492225,0.0024088934216394495,0.002518398771310078,0.0020754278769520187
fixed_global_motor_force,c40_m12,uf0p5,1:8,r0018,/home/thekaka/project/cytosim/clu_fixed_global_force_sweep/c40_m12/uf0p5/r0018,400,0.009853449874497095,0.0018910019262100358,0.0014173309674758222,0.00997496531905133,13.0,1.5037388791347812,0.0025,nan,0.004142931123770038,0.004142931123770038,0.00172309686130847,0.001977193530757946,0.0019448336975161414
fixed_global_motor_force,c40_m12,uf0p5,1:8,r0019,/home/thekaka/project/cytosim/clu_fixed_global_force_sweep/c40_m12/uf0p5/r0019,400,0.009853449874497095,0.002376489350706695,0.00196321638927245,0.01170164872628359,5.633333333333334,1.8861936525957859,0.0025,nan,-0.08693319980825487,0.08693319980825487,0.002389152230015076,0.002249544218726939,0.0025103434511591074
fixed_global_motor_force,c40_m12,uf0p5,1:8,r0020,/home/thekaka/project/cytosim/clu_fixed_global_force_sweep/c40_m12/uf0p5/r0020,400,0.009853449874497095,0.002363541998466117,0.0019247111398969245,0.009885063163829477,11.633333333333333,1.8838962596802133,0.0025,nan,-0.0922254260899274,0.0922254260899274,0.0023809769308626044,0.0024323378827701215,0.002268930245788387
fixed_global_motor_force,c40_m12,uf0p5,1:16,r0021,/home/thekaka/project/cytosim/clu_fixed_global_force_sweep/c40_m12/uf0p5/r0021,400,0.009608760109627612,0.002099270047550589,0.0016323155176545053,0.00919327768430045,5.533333333333333,1.6694174118954814,0.0,nan,-0.13514902363823278,0.13514902363823278,0.001691541275825448,0.0023039797697167654,0.0022352491735839124
fixed_global_motor_force,c40_m12,uf0p5,1:16,r0022,/home/thekaka/project/cytosim/clu_fixed_global_force_sweep/c40_m12/uf0p5/r0022,400,0.009608760109627612,0.002661048432275791,0.002125763581446483,0.011893195203586227,3.8,2.121455326131514,0.0075,nan,0.11658031088082996,0.11658031088082996,0.0024555907591002706,0.002696563337093926,0.002807019633689278
fixed_global_motor_force,c40_m12,uf0p5,1:16,r0023,/home/thekaka/project/cytosim/clu_fixed_global_force_sweep/c40_m12/uf0p5/r0023,400,0.009608760109627612,0.0024387034277352656,0.0019496334767822403,0.013302034428795004,1.1333333333333333,1.9488777798365358,0.0025,nan,-0.09253670962837501,0.09253670962837501,0.002511447560194584,0.0022923839838021286,0.002540164227943752
fixed_global_motor_force,c40_m12,uf0p5,1:16,r0024,/home/thekaka/project/cytosim/clu_fixed_global_force_sweep/c40_m12/uf0p5/r0024,400,0.009608760109627612,0.001998098260823971,0.00153693832130307,0.007529229844495472,0.6,1.5962742518127035,0.0,nan,0.17245850622406644,0.17245850622406644,0.0022308506009330923,0.001754651631004711,0.0020654224287621663
fixed_global_motor_force,c40_m12,uf0p5,1:16,r0025,/home/thekaka/project/cytosim/clu_fixed_global_force_sweep/c40_m12/uf0p5/r0025,400,0.009608760109627612,0.0027413948266854114,0.002427052766724966,0.013887540805101595,7.5,2.18863273898546,0.0225,nan,-0.0957278481012657,0.0957278481012657,0.002670132147567364,0.0028318792414732652,0.0027025215182645682
fixed_global_motor_force,c40_m12,uf0p5,1:16,r0026,/home/thekaka/project/cytosim/clu_fixed_global_force_sweep/c40_m12/uf0p5/r0026,400,0.009608760109627612,0.0023268037732384114,0.0017378653348290346,0.009506946950559356,7.566666666666666,1.8541577425171099,0.0,nan,0.128067484662576,0.128067484662576,0.0023179221714575114,0.002387978344320296,0.0022648245743807347
fixed_global_motor_force,c40_m12,uf0p5,1:16,r0027,/home/thekaka/project/cytosim/clu_fixed_global_force_sweep/c40_m12/uf0p5/r0027,400,0.009608760109627612,0.0020639188155151837,0.0017232403486358845,0.00913716326618362,13.166666666666666,1.6455651042256185,0.0,nan,-0.09637305699481874,0.09637305699481874,0.001901040726475942,0.0018495900465307503,0.002457291395235297
fixed_global_motor_force,c40_m12,uf0p5,1:16,r0028,/home/thekaka/project/cytosim/clu_fixed_global_force_sweep/c40_m12/uf0p5/r0028,400,0.009608760109627612,0.0026346081752538345,0.0021326340737314554,0.013387533253829853,11.733333333333333,2.097541146943611,0.0175,nan,0.14814088266918649,0.14814088266918649,0.002438450319013778,0.0025916863301143635,0.0028619445238300743
fixed_global_motor_force,c40_m12,uf0p5,1:16,r0029,/home/thekaka/project/cytosim/clu_fixed_global_force_sweep/c40_m12/uf0p5/r0029,400,0.009608760109627612,0.002358964334235802,0.0019876040494046314,0.01138661127191476,5.6,1.874030927617214,0.005,nan,-0.0032270388884152457,0.0032270388884152457,0.0020928519775610293,0.0023663870198556247,0.002592200728139043
fixed_global_motor_force,c40_m12,uf0p5,1:16,r0030,/home/thekaka/project/cytosim/clu_fixed_global_force_sweep/c40_m12/uf0p5/r0030,400,0.009608760109627612,0.0020882020560761268,0.001588279346372068,0.009452709195202802,0.1,1.6602272355005274,0.0,nan,-0.04564307206781337,0.04564307206781337,0.0023508992165688788,0.00190765289261509,0.002056304440965578
fixed_global_motor_force,c40_m12,uf1p0,1:4,r0001,/home/thekaka/project/cytosim/clu_fixed_global_force_sweep/c40_m12/uf1p0/r0001,400,0.009560635356359143,0.002593559676571566,0.00226621154942069,0.012796211239950242,12.233333333333333,2.0677102929417845,0.01,nan,0.37789371051046355,0.37789371051046355,0.002344790405751845,0.0025334726180371893,0.002888342898004415
fixed_global_motor_force,c40_m12,uf1p0,1:4,r0002,/home/thekaka/project/cytosim/clu_fixed_global_force_sweep/c40_m12/uf1p0/r0002,400,0.009560635356359143,0.0021702714629426943,0.0016904166151525324,0.010510141575514859,10.233333333333333,1.7270061171726157,0.005,nan,0.20618522347985102,0.20618522347985102,0.0020852835997055693,0.0021379500950753604,0.0022844833782504656
fixed_global_motor_force,c40_m12,uf1p0,1:4,r0003,/home/thekaka/project/cytosim/clu_fixed_global_force_sweep/c40_m12/uf1p0/r0003,400,0.009560635356359143,0.002222202166759057,0.0018046443531702224,0.009786251678936098,11.666666666666666,1.7718655069921512,0.0025,nan,0.15199161425576468,0.15199161425576468,0.002465352877824129,0.0020443557281527264,0.0022049657635087204
fixed_global_motor_force,c40_m12,uf1p0,1:4,r0004,/home/thekaka/project/cytosim/clu_fixed_global_force_sweep/c40_m12/uf1p0/r0004,400,0.009560635356359143,0.0029725953516882785,0.0026901132440809027,0.015852584152903082,12.433333333333334,2.3611608647259037,0.03,nan,0.44265327695560286,0.44265327695560286,0.0033190156261207657,0.0028650424328784227,0.00278106042927616
fixed_global_motor_force,c40_m12,uf1p0,1:4,r0005,/home/thekaka/project/cytosim/clu_fixed_global_force_sweep/c40_m12/uf1p0/r0005,400,0.009560635356359143,0.0025735085644293942,0.001994015507898745,0.012871064997648802,7.366666666666666,2.045359486931366,0.0025,nan,0.4458775923115833,0.4458775923115833,0.0027525160489971705,0.0026253169059605006,0.002351576183565032
fixed_global_motor_force,c40_m12,uf1p0,1:4,r0006,/home/thekaka/project/cytosim/clu_fixed_global_force_sweep/c40_m12/uf1p0/r0006,400,0.009560635356359143,0.0023154853443349993,0.0019695383347581147,0.012389487951222425,5.3,1.8505970779244991,0.0075,nan,0.32855680655066466,0.32855680655066466,0.002281254637438141,0.002505009541786862,0.002129567974128487
fixed_global_motor_force,c40_m12,uf1p0,1:4,r0007,/home/thekaka/project/cytosim/clu_fixed_global_force_sweep/c40_m12/uf1p0/r0007,400,0.009560635356359143,0.002174531440142929,0.0017898466040456578,0.009151231213191724,11.233333333333333,1.7264195516815772,0.0,nan,0.22884918549658417,0.22884918549658417,0.0024294350908251033,0.0021080477452968013,0.0020191041103394215
fixed_global_motor_force,c40_m12,uf1p0,1:4,r0008,/home/thekaka/project/cytosim/clu_fixed_global_force_sweep/c40_m12/uf1p0/r0008,400,0.009560635356359143,0.0027198297264919794,0.0021106965406013844,0.011165671329788893,0.3333333333333333,2.166583997996949,0.01,nan,0.2882170773285436,0.2882170773285436,0.002778408719106598,0.0027355849320405703,0.0026485764367711532
fixed_global_motor_force,c40_m12,uf1p0,1:4,r0009,/home/thekaka/project/cytosim/clu_fixed_global_force_sweep/c40_m12/uf1p0/r0009,400,0.009560635356359143,0.0022941569926613406,0.0019426331539126904,0.01212440695835518,2.6666666666666665,1.8326763294448145,0.0025,nan,0.22471022128556362,0.22471022128556362,0.002455689842948933,0.0024229177086982326,0.0019999851102967814
fixed_global_motor_force,c40_m12,uf1p0,1:4,r0010,/home/thekaka/project/cytosim/clu_fixed_global_force_sweep/c40_m12/uf1p0/r0010,400,0.009560635356359143,0.0025316598932424474,0.0022721120067971845,0.01648133076549102,9.9,2.0043167107877253,0.02,nan,-0.0810456874132699,0.0810456874132699,0.002887270967249195,0.0023882235728951737,0.0023728639409164023
fixed_global_motor_force,c40_m12,uf1p0,1:8,r0011,/home/thekaka/project/cytosim/clu_fixed_global_force_sweep/c40_m12/uf1p0/r0011,400,0.009853449874497095,0.002445202266628287,0.0018630052276870511,0.010882251382577646,7.266666666666667,1.9504816004441552,0.005,nan,0.10578893442622928,0.10578893442622928,0.0024867417947964468,0.0026468358803257894,0.002176589702455492
fixed_global_motor_force,c40_m12,uf1p0,1:8,r0012,/home/thekaka/project/cytosim/clu_fixed_global_force_sweep/c40_m12/uf1p0/r0012,400,0.009853449874497095,0.0019035741269536343,0.0015319072971109438,0.008507841733233455,6.6,1.522067744834676,0.0,nan,0.32110817941952513,0.32110817941952513,0.0019918405843685635,0.002056024719082327,0.0016488313998415704
fixed_global_motor_force,c40_m12,uf1p0,1:8,r0013,/home/thekaka/project/cytosim/clu_fixed_global_force_sweep/c40_m12/uf1p0/r0013,400,0.009853449874497095,0.0024290117156319092,0.00211811319378345,0.011463504997413304,0.5333333333333333,1.938685638303074,0.005,nan,0.2538659793814425,0.2538659793814425,0.0026194970391581842,0.002023541052372692,0.002720254814786534
fixed_global_motor_force,c40_m12,uf1p0,1:8,r0014,/home/thekaka/project/cytosim/clu_fixed_global_force_sweep/c40_m12/uf1p0/r0014,400,0.009853449874497095,0.002889972698257562,0.002431881827876625,0.012008072536223248,8.966666666666667,2.310579379358847,0.0175,nan,0.4404883011190237,0.4404883011190237,0.00251818584129364,0.002888245014324673,0.0032296810079418385
fixed_global_motor_force,c40_m12,uf1p0,1:8,r0015,/home/thekaka/project/cytosim/clu_fixed_global_force_sweep/c40_m12/uf1p0/r0015,400,0.009853449874497095,0.0021427777132126576,0.0016415943510427345,0.007764600574272862,7.3,1.7048957456996594,0.0,nan,0.2935233160621762,0.2935233160621762,0.002322891299647518,0.002029082471219942,0.002109348472855091
fixed_global_motor_force,c40_m12,uf1p0,1:8,r0016,/home/thekaka/project/cytosim/clu_fixed_global_force_sweep/c40_m12/uf1p0/r0016,400,0.009853449874497095,0.0023855117286411963,0.0020151321674570658,0.013766809971450897,1.3666666666666667,1.9010329367063878,0.0125,nan,0.1553373615307153,0.1553373615307153,0.002201688047255971,0.00251332286610541,0.002406147968833636
fixed_global_motor_force,c40_m12,uf1p0,1:8,r0017,/home/thekaka/project/cytosim/clu_fixed_global_force_sweep/c40_m12/uf1p0/r0017,400,0.009853449874497095,0.0021120613974049676,0.0015511099529206156,0.012204724409448975,13.333333333333334,1.67587041659952,0.0025,nan,0.28609364542968274,0.28609364542968274,0.0020769960303872134,0.0021527520240028413,0.0020973223492021555
fixed_global_motor_force,c40_m12,uf1p0,1:8,r0018,/home/thekaka/project/cytosim/clu_fixed_global_force_sweep/c40_m12/uf1p0/r0018,400,0.009853449874497095,0.0019195648080819608,0.0014945909520255219,0.008578045714482938,3.2666666666666666,1.5321665917738803,0.0,nan,0.1050938337801603,0.1050938337801603,0.0018649112695970412,0.0018734050874852507,0.0020220665574652574
fixed_global_motor_force,c40_m12,uf1p0,1:8,r0019,/home/thekaka/project/cytosim/clu_fixed_global_force_sweep/c40_m12/uf1p0/r0019,400,0.009853449874497095,0.0027584466290828456,0.002321251236210193,0.01598196404534455,13.333333333333334,2.1822665358177624,0.015,nan,0.3104008667388953,0.3104008667388953,0.002671605761677069,0.0027838085137118964,0.002808292281960173
fixed_global_motor_force,c40_m12,uf1p0,1:8,r0020,/home/thekaka/project/cytosim/clu_fixed_global_force_sweep/c40_m12/uf1p0/r0020,400,0.009853449874497095,0.002398782848612627,0.002001529362985993,0.010238836228689915,6.7,1.9132094472069332,0.0025,nan,0.04603960396039694,0.04603960396039694,0.0025856139747542375,0.0022778947022945154,0.0023674875656879337
fixed_global_motor_force,c40_m12,uf1p0,1:16,r0021,/home/thekaka/project/cytosim/clu_fixed_global_force_sweep/c40_m12/uf1p0/r0021,400,0.009608760109627612,0.002181064462712959,0.0017797808016119167,0.011622568405979278,10.0,1.7418011722923825,0.005,nan,0.2763925729442964,0.2763925729442964,0.002268215523016889,0.0020923792994702816,0.0022034446024857372
fixed_global_motor_force,c40_m12,uf1p0,1:16,r0022,/home/thekaka/project/cytosim/clu_fixed_global_force_sweep/c40_m12/uf1p0/r0022,400,0.009608760109627612,0.00270298520378695,0.002310397929367206,0.014096033145751724,10.066666666666666,2.1532574783718896,0.015,nan,0.3588205897051471,0.3588205897051471,0.002565721460046981,0.0028131850785324958,0.002701492106788663
fixed_global_motor_force,c40_m12,uf1p0,1:16,r0023,/home/thekaka/project/cytosim/clu_fixed_global_force_sweep/c40_m12/uf1p0/r0023,400,0.009608760109627612,0.0019801300299860753,0.0017606760757934742,0.012350494019761016,13.033333333333333,1.5813753337601701,0.005,nan,0.042359667359667674,0.042359667359667674,0.0021491626288655144,0.0017498931939259484,0.00209021129824841
fixed_global_motor_force,c40_m12,uf1p0,1:16,r0024,/home/thekaka/project/cytosim/clu_fixed_global_force_sweep/c40_m12/uf1p0/r0024,400,0.009608760109627612,0.0019597014068109876,0.0015927107523260977,0.00847053532001596,13.1,1.5590098192836908,0.0,nan,-0.15412748171368862,0.15412748171368862,0.0020667923377013266,0.00173547404342856,0.0021191692215546047
fixed_global_motor_force,c40_m12,uf1p0,1:16,r0025,/home/thekaka/project/cytosim/clu_fixed_global_force_sweep/c40_m12/uf1p0/r0025,400,0.009608760109627612,0.0025130835080241676,0.002174313876688934,0.013046235078553195,8.0,1.9902787082524278,0.01,nan,0.6983413740062656,0.6983413740062656,0.002476438732444649,0.0024408143510266317,0.002629122453395107
fixed_global_motor_force,c40_m12,uf1p0,1:16,r0026,/home/thekaka/project/cytosim/clu_fixed_global_force_sweep/c40_m12/uf1p0/r0026,400,0.009608760109627612,0.002661569299519229,0.0020219809281768818,0.01298895358181923,5.633333333333334,2.114186169191549,0.0075,nan,0.34800787014264634,0.34800787014264634,0.0026529693212076345,0.002676124275399918,0.0026527154906411873
fixed_global_motor_force,c40_m12,uf1p0,1:16,r0027,/home/thekaka/project/cytosim/clu_fixed_global_force_sweep/c40_m12/uf1p0/r0027,400,0.009608760109627612,0.0021190610225652316,0.001938039392383785,0.012595771387584831,11.333333333333334,1.6883477763855192,0.0125,nan,0.23203124999999925,0.23203124999999925,0.0025946873169525437,0.0019009018348647292,0.0019368041456414545
fixed_global_motor_force,c40_m12,uf1p0,1:16,r0028,/home/thekaka/project/cytosim/clu_fixed_global_force_sweep/c40_m12/uf1p0/r0028,400,0.009608760109627612,0.0027315649300031332,0.0022175798818105347,0.012008065534214574,0.03333333333333333,2.1627161049319445,0.0125,nan,0.2541813864706969,0.2541813864706969,0.0027564104238068,0.0026899211419960795,0.0027566790860216192
fixed_global_motor_force,c40_m12,uf1p0,1:16,r0029,/home/thekaka/project/cytosim/clu_fixed_global_force_sweep/c40_m12/uf1p0/r0029,400,0.009608760109627612,0.0021683135152567503,0.0016521367624565911,0.008685617040287058,0.7666666666666667,1.723292017688815,0.0,nan,0.5611566018423744,0.5611566018423744,0.0023608167859256214,0.0021691645501973975,0.0019924696644881027
fixed_global_motor_force,c40_m12,uf1p0,1:16,r0030,/home/thekaka/project/cytosim/clu_fixed_global_force_sweep/c40_m12/uf1p0/r0030,400,0.009608760109627612,0.0018965541656747258,0.0015606392356926,0.008955279240562553,9.166666666666666,1.5162171652745156,0.0,nan,-0.02334530528476153,0.02334530528476153,0.002079122968484165,0.0016086545900616497,0.0020603652252750167
fixed_global_motor_force,c40_m12,uf2p5,1:4,r0001,/home/thekaka/project/cytosim/clu_fixed_global_force_sweep/c40_m12/uf2p5/r0001,400,0.009560635356359143,0.0027652640210105565,0.0024140772662104293,0.012717448603057336,9.866666666666667,2.2069397355222042,0.0225,nan,1.0782814971006855,1.0782814971006855,0.0028457783898606236,0.00265509516917467,0.002818272554462657
fixed_global_motor_force,c40_m12,uf2p5,1:4,r0002,/home/thekaka/project/cytosim/clu_fixed_global_force_sweep/c40_m12/uf2p5/r0002,400,0.009560635356359143,0.0025808768620909396,0.0021823570861697664,0.014493233538667383,0.03333333333333333,2.0446670190206824,0.015,nan,0.7842783505154634,0.7842783505154634,0.0028965264726861888,0.0025987772350922565,0.002273645109334969
fixed_global_motor_force,c40_m12,uf2p5,1:4,r0003,/home/thekaka/project/cytosim/clu_fixed_global_force_sweep/c40_m12/uf2p5/r0003,400,0.009560635356359143,0.002190596306716522,0.0016919422617744846,0.010714285714285746,6.166666666666667,1.7485087914049635,0.0025,nan,0.369312169312169,0.369312169312169,0.002245127792489199,0.0022265093064442907,0.0020999383161355006
fixed_global_motor_force,c40_m12,uf2p5,1:4,r0004,/home/thekaka/project/cytosim/clu_fixed_global_force_sweep/c40_m12/uf2p5/r0004,400,0.009560635356359143,0.0029130839888356617,0.0021952619966984525,0.011955390196359522,2.0,2.3229707230984644,0.0125,1.9666666666666666,0.6870691852961326,0.6870691852961326,0.0031063804100506113,0.002735580001959247,0.002940742949956906
fixed_global_motor_force,c40_m12,uf2p5,1:4,r0005,/home/thekaka/project/cytosim/clu_fixed_global_force_sweep/c40_m12/uf2p5/r0005,400,0.009560635356359143,0.0025479248006989065,0.0023859731680071824,0.020252073853874203,13.333333333333334,2.015003002756753,0.0125,nan,0.8336908429867176,0.8336908429867176,0.002340372970934214,0.0021831432330725368,0.0031541530670038975
fixed_global_motor_force,c40_m12,uf2p5,1:4,r0006,/home/thekaka/project/cytosim/clu_fixed_global_force_sweep/c40_m12/uf2p5/r0006,400,0.009560635356359143,0.0024349575439001855,0.0021992746446199314,0.01675433544351434,4.066666666666666,1.9384281000763268,0.015,nan,0.7992728633484003,0.7992728633484003,0.0027988979001712555,0.0025764862017425673,0.0019422995204451125
fixed_global_motor_force,c40_m12,uf2p5,1:4,r0007,/home/thekaka/project/cytosim/clu_fixed_global_force_sweep/c40_m12/uf2p5/r0007,400,0.009560635356359143,0.0028818939174939297,0.00237246992244194,0.013952892985150733,2.3666666666666667,2.3008841324689944,0.02,nan,0.6076177923441192,0.6076177923441192,0.003019971348297724,0.002739298995485965,0.0029197414292156327
fixed_global_motor_force,c40_m12,uf2p5,1:4,r0008,/home/thekaka/project/cytosim/clu_fixed_global_force_sweep/c40_m12/uf2p5/r0008,400,0.009560635356359143,0.002417416002896057,0.0019737020057863466,0.010411210057621606,0.9,1.9324922575289982,0.0075,nan,0.5178103719224727,0.5178103719224727,0.002345326140448028,0.002392552282477031,0.002511372122698877
fixed_global_motor_force,c40_m12,uf2p5,1:4,r0009,/home/thekaka/project/cytosim/clu_fixed_global_force_sweep/c40_m12/uf2p5/r0009,400,0.009560635356359143,0.001896594495050178,0.001473996740298772,0.00799145779121635,1.8,1.5073559576674656,0.0,nan,0.259417378201908,0.259417378201908,0.0018923915484635805,0.001939995733267413,0.0018507163646014747
fixed_global_motor_force,c40_m12,uf2p5,1:4,r0010,/home/thekaka/project/cytosim/clu_fixed_global_force_sweep/c40_m12/uf2p5/r0010,400,0.009560635356359143,0.002714826814284477,0.0020685812146406953,0.010854955215408246,13.333333333333334,2.1603634920969474,0.005,nan,0.5987654320987651,0.5987654320987651,0.00262763888372701,0.0026003935302849886,0.0029250585420422014
fixed_global_motor_force,c40_m12,uf2p5,1:8,r0011,/home/thekaka/project/cytosim/clu_fixed_global_force_sweep/c40_m12/uf2p5/r0011,400,0.009853449874497095,0.002396356145916813,0.0018841730058481976,0.011052975600731624,8.766666666666667,1.9085120868821854,0.0075,nan,0.544820936455296,0.544820936455296,0.002763310232214187,0.0020936096677424856,0.0024096724471134655
fixed_global_motor_force,c40_m12,uf2p5,1:8,r0012,/home/thekaka/project/cytosim/clu_fixed_global_force_sweep/c40_m12/uf2p5/r0012,400,0.009853449874497095,0.0024360794958669897,0.0018420284859422772,0.010768992174079228,3.433333333333333,1.9430871324270687,0.005,nan,0.6399785061794734,0.6399785061794734,0.0026033508584003225,0.0026521264075324608,0.002036748740971667
fixed_global_motor_force,c40_m12,uf2p5,1:8,r0013,/home/thekaka/project/cytosim/clu_fixed_global_force_sweep/c40_m12/uf2p5/r0013,400,0.009853449874497095,0.002737772732705901,0.002258589773079121,0.016801835068924867,9.7,2.173197904444051,0.0175,nan,0.8700313807531382,0.8700313807531382,0.002785089230705533,0.002858250558349962,0.0025568388616481518
fixed_global_motor_force,c40_m12,uf2p5,1:8,r0014,/home/thekaka/project/cytosim/clu_fixed_global_force_sweep/c40_m12/uf2p5/r0014,400,0.009853449874497095,0.0030352558086607063,0.0026090218487056682,0.017882100719511185,7.966666666666667,2.4187266249505432,0.0225,nan,0.883241758241758,0.883241758241758,0.0035648385097353102,0.0029020523349811383,0.0027067075615161045
fixed_global_motor_force,c40_m12,uf2p5,1:8,r0015,/home/thekaka/project/cytosim/clu_fixed_global_force_sweep/c40_m12/uf2p5/r0015,400,0.009853449874497095,0.0026479037350784535,0.0024909930372086367,0.018185399159663745,12.033333333333333,2.1141213073904943,0.0175,12.0,0.9784663865546224,0.9784663865546224,0.002826997657892867,0.002646033342927013,0.002487357032847925
fixed_global_motor_force,c40_m12,uf2p5,1:8,r0016,/home/thekaka/project/cytosim/clu_fixed_global_force_sweep/c40_m12/uf2p5/r0016,400,0.009853449874497095,0.0029256611001877353,0.002555020707870295,0.018961832245421653,0.26666666666666666,2.3314654147951845,0.0225,nan,0.7882832417959353,0.7882832417959353,0.003269280513778477,0.0027656330989182178,0.0027967564434940675
fixed_global_motor_force,c40_m12,uf2p5,1:8,r0017,/home/thekaka/project/cytosim/clu_fixed_global_force_sweep/c40_m12/uf2p5/r0017,400,0.009853449874497095,0.0026432449104806556,0.0022724807985815883,0.015324749276607638,0.26666666666666666,2.1076875546492775,0.02,nan,0.7711157455683008,0.7711157455683008,0.002680015780128707,0.002810968765619635,0.0024177921489618396
fixed_global_motor_force,c40_m12,uf2p5,1:8,r0018,/home/thekaka/project/cytosim/clu_fixed_global_force_sweep/c40_m12/uf2p5/r0018,400,0.009853449874497095,0.002126443576042668,0.0018227900314190452,0.010925666620514064,10.3,1.6908935767294593,0.0075,nan,0.30757833251474576,0.30757833251474576,0.002233824284107269,0.002016942685649074,0.0021542819676407723
fixed_global_motor_force,c40_m12,uf2p5,1:8,r0019,/home/thekaka/project/cytosim/clu_fixed_global_force_sweep/c40_m12/uf2p5/r0019,400,0.009853449874497095,0.0029307856829046863,0.0026494478405012607,0.01501886402059635,9.666666666666666,2.338433437333599,0.015,nan,1.0287862526079363,1.0287862526079363,0.0027412644374021156,0.00259641328286017,0.003485815363984714
fixed_global_motor_force,c40_m12,uf2p5,1:8,r0020,/home/thekaka/project/cytosim/clu_fixed_global_force_sweep/c40_m12/uf2p5/r0020,400,0.009853449874497095,0.0028498388699658224,0.0023321096550443753,0.013016749742542535,3.5,2.2744678276542603,0.0125,nan,0.9488666315234573,0.9488666315234573,0.002953517457242137,0.002914218949601415,0.002681939909422156
fixed_global_motor_force,c40_m12,uf2p5,1:16,r0021,/home/thekaka/project/cytosim/clu_fixed_global_force_sweep/c40_m12/uf2p5/r0021,400,0.009608760109627612,0.002232872265247071,0.0018648515826761667,0.011911289917753545,11.666666666666666,1.784970479093182,0.0025,nan,0.27415210688592023,0.27415210688592023,0.001999792429901311,0.0021650096928029646,0.0025223065116040276
fixed_global_motor_force,c40_m12,uf2p5,1:16,r0022,/home/thekaka/project/cytosim/clu_fixed_global_force_sweep/c40_m12/uf2p5/r0022,400,0.009608760109627612,0.0031912132465681496,0.002583604433413709,0.01497426767413379,11.733333333333333,2.549710960066311,0.0225,nan,1.0997732426303855,1.0997732426303855,0.003306493514448627,0.0033466429235938203,0.002908520090601529
fixed_global_motor_force,c40_m12,uf2p5,1:16,r0023,/home/thekaka/project/cytosim/clu_fixed_global_force_sweep/c40_m12/uf2p5/r0023,400,0.009608760109627612,0.0029201830064603295,0.0024130684810349983,0.013172624490900155,9.966666666666667,2.325924618631088,0.0175,nan,0.8134840886678786,0.8134840886678786,0.0029207920319474887,0.0028482057300030558,0.0030020464983352858
fixed_global_motor_force,c40_m12,uf2p5,1:16,r0024,/home/thekaka/project/cytosim/clu_fixed_global_force_sweep/c40_m12/uf2p5/r0024,400,0.009608760109627612,0.002587380051245195,0.0022650198736475042,0.012368140572288452,9.1,2.0616449953747615,0.01,nan,0.8660199265862609,0.8660199265862609,0.0028432458618278984,0.0025728142459352375,0.0023716307332081864
fixed_global_motor_force,c40_m12,uf2p5,1:16,r0025,/home/thekaka/project/cytosim/clu_fixed_global_force_sweep/c40_m12/uf2p5/r0025,400,0.009608760109627612,0.0032657954532301237,0.0028535794941040088,0.01735055724417428,9.9,2.5984873622891245,0.04,nan,0.611897579931515,0.611897579931515,0.00308804679470828,0.0030272329931055873,0.003700424914167374
fixed_global_motor_force,c40_m12,uf2p5,1:16,r0026,/home/thekaka/project/cytosim/clu_fixed_global_force_sweep/c40_m12/uf2p5/r0026,400,0.009608760109627612,0.0028086861456075606,0.0024205370180305896,0.013711424645952264,3.5,2.2438160844058483,0.02,nan,0.531578947368421,0.531578947368421,0.0032760342623228142,0.002374729510609493,0.002881045453703706
fixed_global_motor_force,c40_m12,uf2p5,1:16,r0027,/home/thekaka/project/cytosim/clu_fixed_global_force_sweep/c40_m12/uf2p5/r0027,400,0.009608760109627612,0.0025410052235155644,0.001997609059707192,0.0113143010227785,1.7666666666666666,2.021299525244716,0.0025,nan,0.5025853154084795,0.5025853154084795,0.0027807208183393112,0.00241927565885711,0.0024626333068342074
fixed_global_motor_force,c40_m12,uf2p5,1:16,r0028,/home/thekaka/project/cytosim/clu_fixed_global_force_sweep/c40_m12/uf2p5/r0028,400,0.009608760109627612,0.003014163503876713,0.002348203797423645,0.01371394550736696,11.533333333333333,2.407416541184627,0.0125,nan,0.7470101858439329,0.7470101858439329,0.0030536076051224698,0.00294729096796782,0.0030549042087476236
fixed_global_motor_force,c40_m12,uf2p5,1:16,r0029,/home/thekaka/project/cytosim/clu_fixed_global_force_sweep/c40_m12/uf2p5/r0029,400,0.009608760109627612,0.0032417715743544117,0.0027266945538215945,0.018941326530612063,4.2,2.590741418504936,0.0375,0.13333333333333333,1.2061671763506627,1.2061671763506627,0.003490959721862585,0.0031213957476816426,0.00315324473807535
fixed_global_motor_force,c40_m12,uf2p5,1:16,r0030,/home/thekaka/project/cytosim/clu_fixed_global_force_sweep/c40_m12/uf2p5/r0030,400,0.009608760109627612,0.0022320435377463964,0.0018754010649641266,0.009804242534665025,0.9666666666666667,1.7809546429896286,0.005,nan,0.3309932397295885,0.3309932397295885,0.0025607151485874287,0.002312161136906207,0.0018417415410742252
fixed_global_motor_force,c40_m12,uf5p0,1:4,r0001,/home/thekaka/project/cytosim/clu_fixed_global_force_sweep/c40_m12/uf5p0/r0001,400,0.009560635356359143,0.00332853997250953,0.0037412103628830544,0.039364276663117925,0.13333333333333333,2.646428305942596,0.05,0.03333333333333333,0.6012503953317262,0.6012503953317262,0.003943249324626282,0.002966619389546417,0.003184552755277265
fixed_global_motor_force,c40_m12,uf5p0,1:4,r0002,/home/thekaka/project/cytosim/clu_fixed_global_force_sweep/c40_m12/uf5p0/r0002,400,0.009560635356359143,0.003045116705917704,0.002415817684903512,0.012893413816345012,2.966666666666667,2.42258715680979,0.0175,nan,0.7162162162162157,0.7162162162162157,0.0031600226404953097,0.003505254036458497,0.0024138616998424832
fixed_global_motor_force,c40_m12,uf5p0,1:4,r0003,/home/thekaka/project/cytosim/clu_fixed_global_force_sweep/c40_m12/uf5p0/r0003,400,0.009560635356359143,0.002614343319519704,0.002415447336321512,0.016707027395189478,8.2,2.0812407374871094,0.0225,nan,0.7977139819245079,0.7977139819245079,0.002795817009768768,0.0027400699863022147,0.0023055313412218784
fixed_global_motor_force,c40_m12,uf5p0,1:4,r0004,/home/thekaka/project/cytosim/clu_fixed_global_force_sweep/c40_m12/uf5p0/r0004,400,0.009560635356359143,0.0029644221829103657,0.002440560735879767,0.011046816586827879,12.666666666666666,2.3642385388943197,0.0275,nan,1.0143320323426397,1.0143320323426397,0.0031530249281505316,0.00285930834399975,0.002913455382551682
fixed_global_motor_force,c40_m12,uf5p0,1:4,r0005,/home/thekaka/project/cytosim/clu_fixed_global_force_sweep/c40_m12/uf5p0/r0005,400,0.009560635356359143,0.0026563355024977866,0.0021802065974943856,0.014357758560610459,1.2666666666666666,2.120650789930548,0.0125,nan,0.4021739130434785,0.4021739130434785,0.0027011016169956616,0.0026130784036923075,0.0026652011299449214
fixed_global_motor_force,c40_m12,uf5p0,1:4,r0006,/home/thekaka/project/cytosim/clu_fixed_global_force_sweep/c40_m12/uf5p0/r0006,400,0.009560635356359143,0.002960788696591429,0.0028344982218336716,0.016060371517027883,2.4,2.3584592188225795,0.05,0.8666666666666667,1.2644101903457359,1.2644101903457359,0.0038465379931014064,0.002210572578713131,0.0030152028293933928
fixed_global_motor_force,c40_m12,uf5p0,1:4,r0007,/home/thekaka/project/cytosim/clu_fixed_global_force_sweep/c40_m12/uf5p0/r0007,400,0.009560635356359143,0.0033570175521246705,0.0029718005084181614,0.017875512106852953,0.16666666666666666,2.674499173030423,0.04,0.1,1.0126928906500696,1.0126928906500696,0.0034949783102351493,0.0034762816081420037,0.0030951325245082797
fixed_global_motor_force,c40_m12,uf5p0,1:4,r0008,/home/thekaka/project/cytosim/clu_fixed_global_force_sweep/c40_m12/uf5p0/r0008,400,0.009560635356359143,0.0032491334904502767,0.0031374862915721086,0.023210965431478547,1.9333333333333333,2.5810771763119043,0.0525,1.4,0.7042511504170268,0.7042511504170268,0.0038283648998467864,0.0031890388318723747,0.0027917721245609693
fixed_global_motor_force,c40_m12,uf5p0,1:4,r0009,/home/thekaka/project/cytosim/clu_fixed_global_force_sweep/c40_m12/uf5p0/r0009,400,0.009560635356359143,0.0032385872964897,0.0031193519498714972,0.018979233729304157,5.733333333333333,2.5844498976147205,0.0575,5.4,1.5757804632426982,1.5757804632426982,0.003958441430330009,0.003783762975423395,0.001960427038725951
fixed_global_motor_force,c40_m12,uf5p0,1:4,r0010,/home/thekaka/project/cytosim/clu_fixed_global_force_sweep/c40_m12/uf5p0/r0010,400,0.009560635356359143,0.0028979514162579744,0.0025569341614340058,0.01642567224758998,1.8333333333333333,2.3076697500860144,0.0175,1.7333333333333334,0.8759512937595132,0.8759512937595132,0.0034606933486154698,0.0023464883606832496,0.00301820461004169
fixed_global_motor_force,c40_m12,uf5p0,1:8,r0011,/home/thekaka/project/cytosim/clu_fixed_global_force_sweep/c40_m12/uf5p0/r0011,400,0.009853449874497095,0.003134707862327426,0.0027540994982384313,0.016085961342827942,11.033333333333333,2.4834508518966025,0.04,nan,0.6881929281525772,0.6881929281525772,0.0032957175989937076,0.0033500648670414437,0.0027418551190420046
fixed_global_motor_force,c40_m12,uf5p0,1:8,r0012,/home/thekaka/project/cytosim/clu_fixed_global_force_sweep/c40_m12/uf5p0/r0012,400,0.009853449874497095,0.0026329147931860096,0.0027274231515878548,0.01857784912133431,0.1,2.0941812538675375,0.03,nan,0.7725190839694651,0.7725190839694651,0.0036086257811528757,0.002084324864745424,0.0023747383175984596
fixed_global_motor_force,c40_m12,uf5p0,1:8,r0013,/home/thekaka/project/cytosim/clu_fixed_global_force_sweep/c40_m12/uf5p0/r0013,400,0.009853449874497095,0.0031681638313557524,0.0025858660242965804,0.013639957828149724,6.333333333333333,2.5259649079944593,0.02,6.3,0.4749604638903532,0.4749604638903532,0.003276176668231263,0.003072818472749031,0.0031792193748887507
fixed_global_motor_force,c40_m12,uf5p0,1:8,r0014,/home/thekaka/project/cytosim/clu_fixed_global_force_sweep/c40_m12/uf5p0/r0014,400,0.009853449874497095,0.0027316222671202647,0.002603821525886922,0.017619169656586366,0.4666666666666667,2.184400837786422,0.0275,nan,0.7537160430548424,0.7537160430548424,0.003286811702124036,0.0024030731101548192,0.0026034912043673493
fixed_global_motor_force,c40_m12,uf5p0,1:8,r0015,/home/thekaka/project/cytosim/clu_fixed_global_force_sweep/c40_m12/uf5p0/r0015,400,0.009853449874497095,0.003262327861936558,0.002901847447157808,0.02022162475676771,5.233333333333333,2.5960049804291394,0.0375,5.2,1.4274777908267333,1.4274777908267333,0.0038712178379346597,0.003337143177027408,0.002623547675620515
fixed_global_motor_force,c40_m12,uf5p0,1:8,r0016,/home/thekaka/project/cytosim/clu_fixed_global_force_sweep/c40_m12/uf5p0/r0016,400,0.009853449874497095,0.0029494167609088163,0.0025755579988120192,0.01698014184397171,6.7,2.347831281067479,0.025,nan,0.7300531914893618,0.7300531914893618,0.0033040991534484614,0.0029512296689856183,0.0026251485095825718
fixed_global_motor_force,c40_m12,uf5p0,1:8,r0017,/home/thekaka/project/cytosim/clu_fixed_global_force_sweep/c40_m12/uf5p0/r0017,400,0.009853449874497095,0.0027375269052837435,0.0024072284774523576,0.019334775554353534,5.1,2.1809625734427867,0.0125,5.033333333333333,0.5346133044889131,0.5346133044889131,0.003013198950173239,0.002859757571709891,0.002347148483102276
fixed_global_motor_force,c40_m12,uf5p0,1:8,r0018,/home/thekaka/project/cytosim/clu_fixed_global_force_sweep/c40_m12/uf5p0/r0018,400,0.009853449874497095,0.0025857770715821226,0.0023810979247862324,0.01468853069842535,11.733333333333333,2.066612010963448,0.02,nan,1.2325830653804926,1.2325830653804926,0.002508504500909882,0.002114622711359092,0.0031954609642802236
fixed_global_motor_force,c40_m12,uf5p0,1:8,r0019,/home/thekaka/project/cytosim/clu_fixed_global_force_sweep/c40_m12/uf5p0/r0019,400,0.009853449874497095,0.003586111811193211,0.0030047748623687857,0.019322397190331242,0.43333333333333335,2.8551727487745167,0.04,6.866666666666666,1.517438525936732,1.517438525936732,0.004022419576368223,0.003600485839941722,0.0031733123580015843
fixed_global_motor_force,c40_m12,uf5p0,1:8,r0020,/home/thekaka/project/cytosim/clu_fixed_global_force_sweep/c40_m12/uf5p0/r0020,400,0.009853449874497095,0.0028190357673569966,0.002335520342102272,0.016203551497119134,1.2666666666666666,2.2475650047447995,0.02,1.2333333333333334,0.7454212454212448,0.7454212454212448,0.002946318038641036,0.002728697666304737,0.002806853514494694
fixed_global_motor_force,c40_m12,uf5p0,1:16,r0021,/home/thekaka/project/cytosim/clu_fixed_global_force_sweep/c40_m12/uf5p0/r0021,400,0.009608760109627612,0.0028531977412159636,0.0026723244358420445,0.01364325416877224,3.6666666666666665,2.2731574758371846,0.035,nan,1.1902475997978783,1.1902475997978783,0.0031550787208205282,0.00286748055320789,0.0025626156162409097
fixed_global_motor_force,c40_m12,uf5p0,1:16,r0022,/home/thekaka/project/cytosim/clu_fixed_global_force_sweep/c40_m12/uf5p0/r0022,400,0.009608760109627612,0.0033777899195423437,0.003046980262106507,0.019285423406677625,8.8,2.700359276457844,0.055,0.8666666666666667,1.1177100053504545,1.1177100053504545,0.003677407838905995,0.003652365004825636,0.002791218963841823
fixed_global_motor_force,c40_m12,uf5p0,1:16,r0023,/home/thekaka/project/cytosim/clu_fixed_global_force_sweep/c40_m12/uf5p0/r0023,400,0.009608760109627612,0.00325766522333952,0.0030934886595029966,0.015427415275670125,3.533333333333333,2.5919003189651537,0.055,12.8,0.6188669701568028,0.6188669701568028,0.003149946760687129,0.0033495601365585797,0.0032502931628263566
fixed_global_motor_force,c40_m12,uf5p0,1:16,r0024,/home/thekaka/project/cytosim/clu_fixed_global_force_sweep/c40_m12/uf5p0/r0024,400,0.009608760109627612,0.002518723196806783,0.0021971615496037037,0.015375347309385182,4.133333333333334,2.0048817748560106,0.0075,nan,0.4759264555143906,0.4759264555143906,0.0026321919647490947,0.0025356969327385436,0.0023962129389831243
fixed_global_motor_force,c40_m12,uf5p0,1:16,r0025,/home/thekaka/project/cytosim/clu_fixed_global_force_sweep/c40_m12/uf5p0/r0025,400,0.009608760109627612,0.0032452370760466366,0.002605171525549213,0.013566912539515228,4.133333333333334,2.5883425797658566,0.03,nan,0.9133298208640668,0.9133298208640668,0.0031078571830119206,0.0033773717904505645,0.003218733260096575
fixed_global_motor_force,c40_m12,uf5p0,1:16,r0026,/home/thekaka/project/cytosim/clu_fixed_global_force_sweep/c40_m12/uf5p0/r0026,400,0.009608760109627612,0.0029375814296862144,0.0024270888165920925,0.014413265306122802,0.4,2.3372054095030528,0.0175,nan,0.36377551020408116,0.36377551020408116,0.0035083317658224514,0.002627625665408051,0.002774024747560354
fixed_global_motor_force,c40_m12,uf5p0,1:16,r0027,/home/thekaka/project/cytosim/clu_fixed_global_force_sweep/c40_m12/uf5p0/r0027,400,0.009608760109627612,0.002387188312155266,0.002110163094450955,0.013540031397174246,0.13333333333333333,1.9007239621260965,0.01,nan,0.5327053898482468,0.5327053898482468,0.003011025787010624,0.0022017299819950056,0.00203285312143963
fixed_global_motor_force,c40_m12,uf5p0,1:16,r0028,/home/thekaka/project/cytosim/clu_fixed_global_force_sweep/c40_m12/uf5p0/r0028,400,0.009608760109627612,0.0030640792750749545,0.0025765755179058642,0.014952142452142478,2.8666666666666667,2.445808874605418,0.0325,2.8666666666666667,0.6831168831168833,0.6831168831168833,0.00340423649892834,0.0030731208985109223,0.0027447284876402377
fixed_global_motor_force,c40_m12,uf5p0,1:16,r0029,/home/thekaka/project/cytosim/clu_fixed_global_force_sweep/c40_m12/uf5p0/r0029,400,0.009608760109627612,0.0029730197444141466,0.002662167221980797,0.014786005867122476,6.8,2.364620299954424,0.035,nan,0.9352972119936871,0.9352972119936871,0.0026316717151616473,0.0030009417318579363,0.0032511275105552065
fixed_global_motor_force,c40_m12,uf5p0,1:16,r0030,/home/thekaka/project/cytosim/clu_fixed_global_force_sweep/c40_m12/uf5p0/r0030,400,0.009608760109627612,0.0026783291753014597,0.002532710335959363,0.018455098934550856,9.1,2.1398728785465964,0.0225,9.066666666666666,0.9454591577879251,0.9454591577879251,0.001810742741237316,0.002706714844163911,0.0034339393686164633
fixed_global_motor_force,c40_m50,uf0p5,1:4,r0001,/home/thekaka/project/cytosim/clu_fixed_global_force_sweep/c40_m50/uf0p5/r0001,400,0.009560635356359143,0.002633754771890506,0.0020085323301087085,0.009823261916501791,12.6,2.100376033843264,0.0025,nan,1.0288971367974544,1.0288971367974544,0.0025996318624255522,0.002467049995156347,0.0028556352507947296
fixed_global_motor_force,c40_m50,uf0p5,1:4,r0002,/home/thekaka/project/cytosim/clu_fixed_global_force_sweep/c40_m50/uf0p5/r0002,400,0.009560635356359143,0.0023833364042788107,0.0019844483216831274,0.01213748824771374,8.666666666666666,1.8963064644167116,0.0025,nan,0.4768054823405376,0.4768054823405376,0.0024592667402044324,0.0021098112124457833,0.002627558303513964
fixed_global_motor_force,c40_m50,uf0p5,1:4,r0003,/home/thekaka/project/cytosim/clu_fixed_global_force_sweep/c40_m50/uf0p5/r0003,400,0.009560635356359143,0.0019910391678564206,0.0015545050448944433,0.009056638579453435,9.133333333333333,1.586921776217305,0.0,nan,0.12795477903391503,0.12795477903391503,0.001731606756884125,0.0019404658384525927,0.0022846151702707513
fixed_global_motor_force,c40_m50,uf0p5,1:4,r0004,/home/thekaka/project/cytosim/clu_fixed_global_force_sweep/c40_m50/uf0p5/r0004,400,0.009560635356359143,0.002787622285956349,0.002191880988373048,0.01213639895884,9.3,2.21944158870945,0.0075,nan,0.022506393861891905,0.022506393861891905,0.0026915229966226932,0.0027101120307356117,0.0029636707875885285
fixed_global_motor_force,c40_m50,uf0p5,1:4,r0005,/home/thekaka/project/cytosim/clu_fixed_global_force_sweep/c40_m50/uf0p5/r0005,400,0.009560635356359143,0.0027915962977183473,0.002551590040538092,0.015361001562209762,7.633333333333334,2.2239088347264584,0.025,7.6,0.2723898515728469,0.2723898515728469,0.002734249451748453,0.003110574968204896,0.002478447245027012
fixed_global_motor_force,c40_m50,uf0p5,1:4,r0006,/home/thekaka/project/cytosim/clu_fixed_global_force_sweep/c40_m50/uf0p5/r0006,400,0.009560635356359143,0.0020081534089158685,0.0016506655555605491,0.011728637014557012,6.866666666666666,1.5992842630030109,0.0025,nan,0.1750555920658335,0.1750555920658335,0.0021548753357908236,0.0021355358482720754,0.0017290139035605204
fixed_global_motor_force,c40_m50,uf0p5,1:4,r0007,/home/thekaka/project/cytosim/clu_fixed_global_force_sweep/c40_m50/uf0p5/r0007,400,0.009560635356359143,0.0027030881378149467,0.002334644137835375,0.015278590792068364,8.766666666666667,2.143762613197148,0.0175,nan,0.5543699186991867,0.5543699186991867,0.0026943362320776742,0.0030233538727694105,0.002344321851857435
fixed_global_motor_force,c40_m50,uf0p5,1:4,r0008,/home/thekaka/project/cytosim/clu_fixed_global_force_sweep/c40_m50/uf0p5/r0008,400,0.009560635356359143,0.0024447817908337536,0.0021499424858859428,0.014553014553014526,13.333333333333334,1.9395841064256762,0.015,nan,0.5004939654939655,0.5004939654939655,0.0022900129888291797,0.0023228658897145754,0.0027249716580583414
fixed_global_motor_force,c40_m50,uf0p5,1:4,r0009,/home/thekaka/project/cytosim/clu_fixed_global_force_sweep/c40_m50/uf0p5/r0009,400,0.009560635356359143,0.001988540232887704,0.0016234022840503981,0.00858815560916193,0.03333333333333333,1.578386474164873,0.0,nan,0.29646642695834047,0.29646642695834047,0.0021911114276378196,0.002216900622666753,0.0015430438157722753
fixed_global_motor_force,c40_m50,uf0p5,1:4,r0010,/home/thekaka/project/cytosim/clu_fixed_global_force_sweep/c40_m50/uf0p5/r0010,400,0.009560635356359143,0.002683492165512349,0.002306430194768236,0.01449389683273726,6.6,2.1373357259015417,0.02,nan,0.47103340292275575,0.47103340292275575,0.002980527575703982,0.0027222206989353575,0.0023693204569149766
fixed_global_motor_force,c40_m50,uf0p5,1:8,r0011,/home/thekaka/project/cytosim/clu_fixed_global_force_sweep/c40_m50/uf0p5/r0011,400,0.009853449874497095,0.0024949727262380183,0.002197911980177066,0.014564538687852902,13.333333333333334,1.9694816655412954,0.01,nan,0.21721311475409766,0.21721311475409766,0.0029818483205980013,0.0023412013862331954,0.0022287704764050826
fixed_global_motor_force,c40_m50,uf0p5,1:8,r0012,/home/thekaka/project/cytosim/clu_fixed_global_force_sweep/c40_m50/uf0p5/r0012,400,0.009853449874497095,0.0020611859517128375,0.0017108650411065025,0.009015543432959842,9.233333333333333,1.6479038292908554,0.0,nan,0.12277951933124231,0.12277951933124231,0.0020415009872087387,0.002223431314438535,0.001893290580469579
fixed_global_motor_force,c40_m50,uf0p5,1:8,r0013,/home/thekaka/project/cytosim/clu_fixed_global_force_sweep/c40_m50/uf0p5/r0013,400,0.009853449874497095,0.0026532769862531347,0.002164684268909809,0.012571799751738133,12.933333333333334,2.1176309322803846,0.005,nan,0.6134081811048104,0.6134081811048104,0.0024777521504100036,0.0025156180909940923,0.0029703479004072482
fixed_global_motor_force,c40_m50,uf0p5,1:8,r0014,/home/thekaka/project/cytosim/clu_fixed_global_force_sweep/c40_m50/uf0p5/r0014,400,0.009853449874497095,0.002382456290072918,0.0018282189578219088,0.013018200202224495,13.333333333333334,1.8877674483290763,0.0025,nan,0.1961025550893084,0.1961025550893084,0.002371282780463275,0.0023531023611703104,0.0024262176410571826
fixed_global_motor_force,c40_m50,uf0p5,1:8,r0015,/home/thekaka/project/cytosim/clu_fixed_global_force_sweep/c40_m50/uf0p5/r0015,400,0.009853449874497095,0.002020456383383719,0.001666452464274117,0.013754971007087141,11.566666666666666,1.6104917665639722,0.0025,nan,0.2770684371807963,0.2770684371807963,0.0022510895418913907,0.001816436992547832,0.0020445599159254757
fixed_global_motor_force,c40_m50,uf0p5,1:8,r0016,/home/thekaka/project/cytosim/clu_fixed_global_force_sweep/c40_m50/uf0p5/r0016,400,0.009853449874497095,0.0029320124700804116,0.0025130095018706766,0.013867187500000211,3.6666666666666665,2.3277428448938555,0.0175,nan,0.20706480768902175,0.20706480768902175,0.0026970821627603017,0.003140633366364111,0.0029065435550310868
fixed_global_motor_force,c40_m50,uf0p5,1:8,r0017,/home/thekaka/project/cytosim/clu_fixed_global_force_sweep/c40_m50/uf0p5/r0017,400,0.009853449874497095,0.002412184008160372,0.0019418857315368504,0.010691533941632025,10.633333333333333,1.9172193487696065,0.005,nan,0.0612399193548383,0.0612399193548383,0.0020852786304219463,0.002495710749618435,0.002613502548100549
fixed_global_motor_force,c40_m50,uf0p5,1:8,r0018,/home/thekaka/project/cytosim/clu_fixed_global_force_sweep/c40_m50/uf0p5/r0018,400,0.009853449874497095,0.0018070749248322972,0.0014879568695837586,0.010115858639673209,8.6,1.4428629233501216,0.0025,nan,0.1830047948854558,0.1830047948854558,0.001779906312034575,0.0019705990683987246,0.0016445134239770677
fixed_global_motor_force,c40_m50,uf0p5,1:8,r0019,/home/thekaka/project/cytosim/clu_fixed_global_force_sweep/c40_m50/uf0p5/r0019,400,0.009853449874497095,0.002549197314862821,0.002115096637807906,0.015161207778915081,3.3,2.0311920286640737,0.01,nan,0.442740286298569,0.442740286298569,0.002958288111895191,0.0024845390118718343,0.002251616708769661
fixed_global_motor_force,c40_m50,uf0p5,1:8,r0020,/home/thekaka/project/cytosim/clu_fixed_global_force_sweep/c40_m50/uf0p5/r0020,400,0.009853449874497095,0.002580806090698451,0.0020659273596017875,0.012237137617295224,0.4,2.056142348272991,0.005,nan,-0.017261722082833053,0.017261722082833053,0.002835604686864937,0.0025688223130575856,0.0023630697067466783
fixed_global_motor_force,c40_m50,uf0p5,1:16,r0021,/home/thekaka/project/cytosim/clu_fixed_global_force_sweep/c40_m50/uf0p5/r0021,400,0.009608760109627612,0.0024440866769416215,0.0019257390158911956,0.01148168398031709,5.366666666666666,1.9471033934255324,0.0025,nan,0.06508886877179165,0.06508886877179165,0.002251240296828474,0.0027990702465032023,0.0022127980036532823
fixed_global_motor_force,c40_m50,uf0p5,1:16,r0022,/home/thekaka/project/cytosim/clu_fixed_global_force_sweep/c40_m50/uf0p5/r0022,400,0.009608760109627612,0.0027230779909623495,0.0021546345267315346,0.010022045910752854,1.0666666666666667,2.1675983845899207,0.0025,nan,0.6814928425357872,0.6814928425357872,0.0028152721436429636,0.002665059510592345,0.0027057624786456127
fixed_global_motor_force,c40_m50,uf0p5,1:16,r0023,/home/thekaka/project/cytosim/clu_fixed_global_force_sweep/c40_m50/uf0p5/r0023,400,0.009608760109627612,0.002299484103897469,0.0017878602817504954,0.015117215651887256,13.333333333333334,1.8191271251201635,0.0025,nan,0.40142560845765873,0.40142560845765873,0.002373600960539943,0.002257441603638627,0.002280296845106414
fixed_global_motor_force,c40_m50,uf0p5,1:16,r0024,/home/thekaka/project/cytosim/clu_fixed_global_force_sweep/c40_m50/uf0p5/r0024,400,0.009608760109627612,0.002375468534105526,0.002000206658300164,0.01028170537014789,7.166666666666667,1.8951021935395653,0.0075,nan,0.06532921810699566,0.06532921810699566,0.002262918494881282,0.0024238345779387964,0.002422327679851285
fixed_global_motor_force,c40_m50,uf0p5,1:16,r0025,/home/thekaka/project/cytosim/clu_fixed_global_force_sweep/c40_m50/uf0p5/r0025,400,0.009608760109627612,0.0024345985792984283,0.001876193536473781,0.009886305475979643,13.266666666666667,1.9405587142771246,0.0025,nan,0.04631947921882773,0.04631947921882773,0.002456252433037612,0.002209864737278551,0.0026722571114207094
fixed_global_motor_force,c40_m50,uf0p5,1:16,r0026,/home/thekaka/project/cytosim/clu_fixed_global_force_sweep/c40_m50/uf0p5/r0026,400,0.009608760109627612,0.002344273413178845,0.0020696879442994244,0.017080745341614634,13.333333333333334,1.8454831509468368,0.0075,nan,0.19310180380211217,0.19310180380211217,0.0024723100340703864,0.0023128369693500433,0.002263961265760729
fixed_global_motor_force,c40_m50,uf0p5,1:16,r0027,/home/thekaka/project/cytosim/clu_fixed_global_force_sweep/c40_m50/uf0p5/r0027,400,0.009608760109627612,0.0019196807020036887,0.0016385584344259512,0.010106478086773571,11.333333333333334,1.5306505177158043,0.0025,nan,0.3244514106583066,0.3244514106583066,0.0019379336577432012,0.0020091857866292636,0.0018006130346232452
fixed_global_motor_force,c40_m50,uf0p5,1:16,r0028,/home/thekaka/project/cytosim/clu_fixed_global_force_sweep/c40_m50/uf0p5/r0028,400,0.009608760109627612,0.0026257738343601856,0.002159803851194492,0.011672341754271107,2.3333333333333335,2.0950874970618125,0.0075,nan,0.5339989206691845,0.5339989206691845,0.002815427026951294,0.0028000682022568174,0.002253919749605708
fixed_global_motor_force,c40_m50,uf0p5,1:16,r0029,/home/thekaka/project/cytosim/clu_fixed_global_force_sweep/c40_m50/uf0p5/r0029,400,0.009608760109627612,0.002190482060932131,0.0017820324770286802,0.008652524548346065,6.233333333333333,1.7445996697367043,0.0,nan,0.3050018712742776,0.3050018712742776,0.002080950104044252,0.0021636664265640812,0.0023206854809692695
fixed_global_motor_force,c40_m50,uf0p5,1:16,r0030,/home/thekaka/project/cytosim/clu_fixed_global_force_sweep/c40_m50/uf0p5/r0030,400,0.009608760109627612,0.0021861192334384216,0.001666237003297201,0.010561195561195488,6.133333333333334,1.745307977275477,0.0025,nan,0.22663551401869172,0.22663551401869172,0.0021873342936721534,0.002134823247907348,0.002243751337727331
fixed_global_motor_force,c40_m50,uf1p0,1:4,r0001,/home/thekaka/project/cytosim/clu_fixed_global_force_sweep/c40_m50/uf1p0/r0001,400,0.009560635356359143,0.0031987410849250706,0.0027255268614954104,0.019419603388504486,2.933333333333333,2.5386399623558296,0.03,nan,1.164684591520165,1.164684591520165,0.0035472027844914203,0.0029439922185825404,0.00317389671624556
fixed_global_motor_force,c40_m50,uf1p0,1:4,r0002,/home/thekaka/project/cytosim/clu_fixed_global_force_sweep/c40_m50/uf1p0/r0002,400,0.009560635356359143,0.003066252736571165,0.0026690584457067304,0.01571192228502541,7.0,2.4419193166808872,0.0275,nan,1.073673364245234,1.073673364245234,0.0031515105339919476,0.0034974571461124913,0.002495059306614891
fixed_global_motor_force,c40_m50,uf1p0,1:4,r0003,/home/thekaka/project/cytosim/clu_fixed_global_force_sweep/c40_m50/uf1p0/r0003,400,0.009560635356359143,0.0026187078335305467,0.0021178055284393964,0.011184544992374028,5.766666666666667,2.088865605919506,0.01,nan,1.1779359430604983,1.1779359430604983,0.0024749817210222894,0.0029090434256702326,0.002416822860763599
fixed_global_motor_force,c40_m50,uf1p0,1:4,r0004,/home/thekaka/project/cytosim/clu_fixed_global_force_sweep/c40_m50/uf1p0/r0004,400,0.009560635356359143,0.0030231290181744275,0.0024904094044862655,0.01868390176801399,1.7333333333333334,2.4120130795447348,0.025,nan,0.44911734164070527,0.44911734164070527,0.0033223302759735136,0.0030441891025587762,0.0027272209087412717
fixed_global_motor_force,c40_m50,uf1p0,1:4,r0005,/home/thekaka/project/cytosim/clu_fixed_global_force_sweep/c40_m50/uf1p0/r0005,400,0.009560635356359143,0.0029750966238954444,0.002549622418285253,0.016949569602464132,3.966666666666667,2.3733589874974452,0.0225,nan,0.6908500270709259,0.6908500270709259,0.002928787181997781,0.002855425913459181,0.003154191510546297
fixed_global_motor_force,c40_m50,uf1p0,1:4,r0006,/home/thekaka/project/cytosim/clu_fixed_global_force_sweep/c40_m50/uf1p0/r0006,400,0.009560635356359143,0.002184825518788564,0.001783277854283763,0.01468315301391071,0.03333333333333333,1.7331772620169406,0.0025,nan,0.3106646058732623,0.3106646058732623,0.0021366953277299305,0.0020887218800509327,0.0023385891718162135
fixed_global_motor_force,c40_m50,uf1p0,1:4,r0007,/home/thekaka/project/cytosim/clu_fixed_global_force_sweep/c40_m50/uf1p0/r0007,400,0.009560635356359143,0.0031162168625225783,0.0026508791890955995,0.015279356526307408,5.2,2.474268381531793,0.0275,nan,1.1338999059238124,1.1338999059238124,0.0030997038968038314,0.003213241954617523,0.0030201197564637167
fixed_global_motor_force,c40_m50,uf1p0,1:4,r0008,/home/thekaka/project/cytosim/clu_fixed_global_force_sweep/c40_m50/uf1p0/r0008,400,0.009560635356359143,0.002610683553399792,0.0020913919474770323,0.012985813789557127,9.533333333333333,2.0870699361677394,0.01,nan,0.36895810955961306,0.36895810955961306,0.0027149074364116502,0.0025239056136189286,0.0026153709494968797
fixed_global_motor_force,c40_m50,uf1p0,1:4,r0009,/home/thekaka/project/cytosim/clu_fixed_global_force_sweep/c40_m50/uf1p0/r0009,400,0.009560635356359143,0.0022244372315481774,0.0018181803934252064,0.011182519280205623,0.26666666666666666,1.7718350582293283,0.0025,nan,0.34153442931649125,0.34153442931649125,0.0028167386771188784,0.002071140224837862,0.0018619233306598861
fixed_global_motor_force,c40_m50,uf1p0,1:4,r0010,/home/thekaka/project/cytosim/clu_fixed_global_force_sweep/c40_m50/uf1p0/r0010,400,0.009560635356359143,0.0028601710292683797,0.00245511621444983,0.019253116953516558,9.566666666666666,2.2754890885695755,0.02,nan,0.5260916480342055,0.5260916480342055,0.0027452195467039305,0.00275149129808599,0.00308903504531821
fixed_global_motor_force,c40_m50,uf1p0,1:8,r0011,/home/thekaka/project/cytosim/clu_fixed_global_force_sweep/c40_m50/uf1p0/r0011,400,0.009853449874497095,0.00257676369978771,0.0021389113110172934,0.014234213372608273,2.033333333333333,2.0598032427883677,0.01,nan,0.7923365487674174,0.7923365487674174,0.0029388136038595762,0.002267118250376605,0.0026024345305290368
fixed_global_motor_force,c40_m50,uf1p0,1:8,r0012,/home/thekaka/project/cytosim/clu_fixed_global_force_sweep/c40_m50/uf1p0/r0012,400,0.009853449874497095,0.0023133880916907765,0.0017654709677597158,0.009054544134760478,9.6,1.8448994576881432,0.0,nan,0.8865588681152097,0.8865588681152097,0.0022413923414688584,0.002541052044103794,0.002118104896381277
fixed_global_motor_force,c40_m50,uf1p0,1:8,r0013,/home/thekaka/project/cytosim/clu_fixed_global_force_sweep/c40_m50/uf1p0/r0013,400,0.009853449874497095,0.003609503552539667,0.0030647935804238853,0.015786300718886037,10.633333333333333,2.8708511402783663,0.04,0.8333333333333334,1.2572603095840829,1.2572603095840829,0.0033255112206527445,0.003489983120669099,0.0040043367760139335
fixed_global_motor_force,c40_m50,uf1p0,1:8,r0014,/home/thekaka/project/cytosim/clu_fixed_global_force_sweep/c40_m50/uf1p0/r0014,400,0.009853449874497095,0.0019123940579731558,0.0016675485024431774,0.012147850024293416,7.233333333333333,1.5238112124082486,0.0025,nan,0.2499999999999999,0.2499999999999999,0.0020050673526342483,0.0019800974586050555,0.0017506869422521253
fixed_global_motor_force,c40_m50,uf1p0,1:8,r0015,/home/thekaka/project/cytosim/clu_fixed_global_force_sweep/c40_m50/uf1p0/r0015,400,0.009853449874497095,0.002923713351459023,0.0023674895997524465,0.017545630036828297,6.333333333333333,2.3348240787060086,0.015,nan,0.6899411449973246,0.6899411449973246,0.00280531246963105,0.002819829750708831,0.0031502190388640427
fixed_global_motor_force,c40_m50,uf1p0,1:8,r0016,/home/thekaka/project/cytosim/clu_fixed_global_force_sweep/c40_m50/uf1p0/r0016,400,0.009853449874497095,0.0025818818873375115,0.002379210233413738,0.01314002070928645,11.866666666666667,2.0503974958205355,0.02,nan,0.5500532624240968,0.5500532624240968,0.0026667452956470592,0.0021277774309233135,0.003024759161179447
fixed_global_motor_force,c40_m50,uf1p0,1:8,r0017,/home/thekaka/project/cytosim/clu_fixed_global_force_sweep/c40_m50/uf1p0/r0017,400,0.009853449874497095,0.00238088149405716,0.001975867081893002,0.011178945161525539,2.466666666666667,1.9033014178082595,0.005,nan,0.8299568449125438,0.8299568449125438,0.0027388918256874926,0.0024168169731835537,0.00201451850678259
fixed_global_motor_force,c40_m50,uf1p0,1:8,r0018,/home/thekaka/project/cytosim/clu_fixed_global_force_sweep/c40_m50/uf1p0/r0018,400,0.009853449874497095,0.0029953765133680487,0.002521574159850489,0.012734192037470784,3.7333333333333334,2.384091726691546,0.0125,nan,0.7993125330512962,0.7993125330512962,0.0029296200371237264,0.0029345917220567,0.003124710401686956
fixed_global_motor_force,c40_m50,uf1p0,1:8,r0019,/home/thekaka/project/cytosim/clu_fixed_global_force_sweep/c40_m50/uf1p0/r0019,400,0.009853449874497095,0.003014728913109581,0.0025961585544293448,0.014139288461948729,1.0333333333333334,2.407767065408006,0.0275,nan,0.8601742409221182,0.8601742409221182,0.0037843768287038945,0.002971406646370761,0.002365188745591257
fixed_global_motor_force,c40_m50,uf1p0,1:8,r0020,/home/thekaka/project/cytosim/clu_fixed_global_force_sweep/c40_m50/uf1p0/r0020,400,0.009853449874497095,0.0022116102686065477,0.0018769351579469126,0.012709643605870347,2.4,1.763129933962806,0.0075,nan,0.5400943396226416,0.5400943396226416,0.0024990400199484362,0.0021576430320159865,0.0020123045058500553
fixed_global_motor_force,c40_m50,uf1p0,1:16,r0021,/home/thekaka/project/cytosim/clu_fixed_global_force_sweep/c40_m50/uf1p0/r0021,400,0.009608760109627612,0.0032148428289849235,0.0026642968995188223,0.017516629711751663,4.4,2.5714042563134636,0.025,nan,0.7558956064300346,0.7558956064300346,0.00279159439691972,0.0031752246060575973,0.003644684789709032
fixed_global_motor_force,c40_m50,uf1p0,1:16,r0022,/home/thekaka/project/cytosim/clu_fixed_global_force_sweep/c40_m50/uf1p0/r0022,400,0.009608760109627612,0.0027455977666391695,0.002188889777450296,0.013332554335124983,2.3,2.1932697944201642,0.0075,nan,0.6134496919917863,0.6134496919917863,0.0029151017760671795,0.002826095246068104,0.002499448155675249
fixed_global_motor_force,c40_m50,uf1p0,1:16,r0023,/home/thekaka/project/cytosim/clu_fixed_global_force_sweep/c40_m50/uf1p0/r0023,400,0.009608760109627612,0.002348005850220162,0.002124569873372813,0.01583351770187358,13.333333333333334,1.8607448816578571,0.01,nan,0.7422598324981329,0.7422598324981329,0.0024580393919422286,0.0021384590417933545,0.002487990810518598
fixed_global_motor_force,c40_m50,uf1p0,1:16,r0024,/home/thekaka/project/cytosim/clu_fixed_global_force_sweep/c40_m50/uf1p0/r0024,400,0.009608760109627612,0.0032461296982414832,0.002647278425820711,0.015993782118706085,0.2,2.5900544196698605,0.0275,nan,0.7389961429268377,0.7389961429268377,0.0033675514495137672,0.0033243274528217304,0.003046291136497674
fixed_global_motor_force,c40_m50,uf1p0,1:16,r0025,/home/thekaka/project/cytosim/clu_fixed_global_force_sweep/c40_m50/uf1p0/r0025,400,0.009608760109627612,0.0027470026652287884,0.002257197586086746,0.010647968334884149,1.6666666666666667,2.188645745890196,0.0075,nan,0.6944444444444451,0.6944444444444451,0.002877936948658703,0.0029033063073610112,0.0024490887259311298
fixed_global_motor_force,c40_m50,uf1p0,1:16,r0026,/home/thekaka/project/cytosim/clu_fixed_global_force_sweep/c40_m50/uf1p0/r0026,400,0.009608760109627612,0.0023489183877901743,0.0019866260269060165,0.012058677274987495,2.1333333333333333,1.87391342728833,0.0075,nan,0.641471904525112,0.641471904525112,0.002394709005254267,0.0021920611735091722,0.002486929827972794
fixed_global_motor_force,c40_m50,uf1p0,1:16,r0027,/home/thekaka/project/cytosim/clu_fixed_global_force_sweep/c40_m50/uf1p0/r0027,400,0.009608760109627612,0.0030633913622485996,0.002521893687406033,0.014829360780064846,2.6,2.4354097311856626,0.03,nan,1.0977789815817982,1.0977789815817982,0.003389657609009212,0.0030465543124780447,0.002786291164546847
fixed_global_motor_force,c40_m50,uf1p0,1:16,r0028,/home/thekaka/project/cytosim/clu_fixed_global_force_sweep/c40_m50/uf1p0/r0028,400,0.009608760109627612,0.002625392868793335,0.0022871597543930792,0.02015775837457766,6.6,2.0988067573462255,0.0125,nan,1.098743718592965,1.098743718592965,0.0033321174566600816,0.002505754677327115,0.002120396706684862
fixed_global_motor_force,c40_m50,uf1p0,1:16,r0029,/home/thekaka/project/cytosim/clu_fixed_global_force_sweep/c40_m50/uf1p0/r0029,400,0.009608760109627612,0.002392723687875675,0.002011008597699559,0.013556131693109819,5.033333333333333,1.9116828914460995,0.01,nan,0.503415659485023,0.503415659485023,0.0026943870687851285,0.002465576662653625,0.002035274156998443
fixed_global_motor_force,c40_m50,uf2p5,1:4,r0001,/home/thekaka/project/cytosim/clu_fixed_global_force_sweep/c40_m50/uf2p5/r0001,400,0.009560635356359143,0.003978100521472878,0.0037290981288533188,0.024862543860992126,0.03333333333333333,3.1537594379793648,0.0775,0.03333333333333333,1.730973922299095,1.730973922299095,0.006042793215730022,0.0033292472173554414,0.0028455017810226123
fixed_global_motor_force,c40_m50,uf2p5,1:4,r0002,/home/thekaka/project/cytosim/clu_fixed_global_force_sweep/c40_m50/uf2p5/r0002,400,0.009560635356359143,0.0047967194048147395,0.006776459522965458,0.04419591139883766,1.2,3.8192123020733773,0.1175,0.1,2.536287664326986,2.536287664326986,0.008596780237472932,0.003240175632536781,0.0031270577769931317
fixed_global_motor_force,c40_m50,uf2p5,1:4,r0003,/home/thekaka/project/cytosim/clu_fixed_global_force_sweep/c40_m50/uf2p5/r0003,400,0.009560635356359143,0.004341852458367465,0.005520575804078794,0.03777193219689262,6.966666666666667,3.462872803951863,0.1075,0.13333333333333333,2.263709065602412,2.263709065602412,0.003699669998226814,0.006114328785748885,0.0028956559976768114
fixed_global_motor_force,c40_m50,uf2p5,1:4,r0004,/home/thekaka/project/cytosim/clu_fixed_global_force_sweep/c40_m50/uf2p5/r0004,400,0.009560635356359143,0.0034996743467136777,0.0032864248634644475,0.02487707189174887,0.2,2.7720162424076653,0.0575,0.16666666666666666,1.260241596638655,1.260241596638655,0.004948019744326435,0.002569936212898904,0.003248587459357171
fixed_global_motor_force,c40_m50,uf2p5,1:4,r0005,/home/thekaka/project/cytosim/clu_fixed_global_force_sweep/c40_m50/uf2p5/r0005,400,0.009560635356359143,0.003492971470914652,0.0032702270150757142,0.0257440965291306,3.0,2.7803100547288837,0.0575,2.966666666666667,1.4503875968992244,1.4503875968992244,0.003946736619340915,0.0035222841648587843,0.003047208442255528
fixed_global_motor_force,c40_m50,uf2p5,1:4,r0006,/home/thekaka/project/cytosim/clu_fixed_global_force_sweep/c40_m50/uf2p5/r0006,400,0.009560635356359143,0.003311849743441279,0.003549836355920332,0.02049512987012994,12.7,2.646322472243374,0.065,0.1,1.682721571426227,1.682721571426227,0.0035292621502999054,0.003019638726189899,0.0034489457447506727
fixed_global_motor_force,c40_m50,uf2p5,1:4,r0007,/home/thekaka/project/cytosim/clu_fixed_global_force_sweep/c40_m50/uf2p5/r0007,400,0.009560635356359143,0.003734811406119133,0.00330844179553973,0.019442720068668373,0.23333333333333334,2.9822890377109106,0.0575,0.13333333333333333,0.9451510833417214,0.9451510833417214,0.0050676778358751595,0.0034566776604726735,0.0028425133657069327
fixed_global_motor_force,c40_m50,uf2p5,1:4,r0008,/home/thekaka/project/cytosim/clu_fixed_global_force_sweep/c40_m50/uf2p5/r0008,400,0.009560635356359143,0.0035467446460161855,0.0033803870940416576,0.02256830999119791,11.266666666666667,2.8275969879993905,0.075,0.16666666666666666,1.3191207627118646,1.3191207627118646,0.00368295305481944,0.003319073183178402,0.0036837058580626004
fixed_global_motor_force,c40_m50,uf2p5,1:4,r0009,/home/thekaka/project/cytosim/clu_fixed_global_force_sweep/c40_m50/uf2p5/r0009,400,0.009560635356359143,0.0028979690806255538,0.0030417205930155797,0.023458445040214243,0.4666666666666667,2.3081875969401215,0.0375,0.36666666666666664,0.9260053619302948,0.9260053619302948,0.003505345371875973,0.002405889521169604,0.0029096801894774047
fixed_global_motor_force,c40_m50,uf2p5,1:4,r0010,/home/thekaka/project/cytosim/clu_fixed_global_force_sweep/c40_m50/uf2p5/r0010,400,0.009560635356359143,0.003752576726204262,0.0036655449317045713,0.020338648293254546,11.766666666666667,2.989699466181717,0.0775,0.5333333333333333,1.5970541820094684,1.5970541820094684,0.004104897035012015,0.003503682804147177,0.003717523073993883
fixed_global_motor_force,c40_m50,uf2p5,1:8,r0011,/home/thekaka/project/cytosim/clu_fixed_global_force_sweep/c40_m50/uf2p5/r0011,400,0.009853449874497095,0.004411875854765517,0.004928669290779175,0.037027446918694806,0.06666666666666667,3.4916789962119603,0.1075,0.03333333333333333,2.3060590367685125,2.3060590367685125,0.0052915736014204915,0.005371561196057928,0.002513884762812819
fixed_global_motor_force,c40_m50,uf2p5,1:8,r0012,/home/thekaka/project/cytosim/clu_fixed_global_force_sweep/c40_m50/uf2p5/r0012,400,0.009853449874497095,0.0036973615782156404,0.004264382241343224,0.022609819121446967,2.7666666666666666,2.9536488108704804,0.0925,1.7,1.9025839793281654,1.9025839793281654,0.005243748654235912,0.003335551928909652,0.002706914138135382
fixed_global_motor_force,c40_m50,uf2p5,1:8,r0013,/home/thekaka/project/cytosim/clu_fixed_global_force_sweep/c40_m50/uf2p5/r0013,400,0.009853449874497095,0.0032438454915657087,0.0029186079238307625,0.018286311389759502,8.433333333333334,2.582407205653155,0.035,0.06666666666666667,0.7148945109690578,0.7148945109690578,0.0036081323225071868,0.003237077803091754,0.0029206777082760697
fixed_global_motor_force,c40_m50,uf2p5,1:8,r0014,/home/thekaka/project/cytosim/clu_fixed_global_force_sweep/c40_m50/uf2p5/r0014,400,0.009853449874497095,0.003417894601516829,0.0038635553879706476,0.02741151852775689,1.6333333333333333,2.7286577864766213,0.0525,0.1,1.2623684210526316,1.2623684210526316,0.005416782544949683,0.0025324177758311523,0.0026160156594125664
fixed_global_motor_force,c40_m50,uf2p5,1:8,r0015,/home/thekaka/project/cytosim/clu_fixed_global_force_sweep/c40_m50/uf2p5/r0015,400,0.009853449874497095,0.004173444570967398,0.0048364621017603715,0.033658922914466705,0.9333333333333333,3.326639797254799,0.0975,0.9,2.368851702292278,2.368851702292278,0.003113680143561546,0.005293834391449283,0.003853242233478951
fixed_global_motor_force,c40_m50,uf2p5,1:8,r0016,/home/thekaka/project/cytosim/clu_fixed_global_force_sweep/c40_m50/uf2p5/r0016,400,0.009853449874497095,0.0042078300819426645,0.004216323437900004,0.03296210957501294,6.233333333333333,3.3495278468951537,0.0775,2.566666666666667,1.860446543988652,1.860446543988652,0.0038958181894572196,0.004158220142764944,0.004548066006235993
fixed_global_motor_force,c40_m50,uf2p5,1:8,r0017,/home/thekaka/project/cytosim/clu_fixed_global_force_sweep/c40_m50/uf2p5/r0017,400,0.009853449874497095,0.004338797001272851,0.004472958014086356,0.029518329543563582,0.7333333333333333,3.4613007589130174,0.1025,0.23333333333333334,2.121315789473684,2.121315789473684,0.004881172094499192,0.004893691775657532,0.003210729426832876
fixed_global_motor_force,c40_m50,uf2p5,1:8,r0018,/home/thekaka/project/cytosim/clu_fixed_global_force_sweep/c40_m50/uf2p5/r0018,400,0.009853449874497095,0.003518968029595643,0.004066609220276764,0.029419388284084858,0.26666666666666666,2.796956970155352,0.055,0.13333333333333333,1.9817433570164051,1.9817433570164051,0.004207703368176814,0.0031090486116040783,0.0033626963304168303
fixed_global_motor_force,c40_m50,uf2p5,1:8,r0019,/home/thekaka/project/cytosim/clu_fixed_global_force_sweep/c40_m50/uf2p5/r0019,400,0.009853449874497095,0.0038378133799963276,0.003770582271875729,0.02267141492825822,1.1,3.0528153466004793,0.065,1.1,0.79515609485831,0.79515609485831,0.0056112692016859955,0.003008688688114237,0.003176190944891312
fixed_global_motor_force,c40_m50,uf2p5,1:8,r0020,/home/thekaka/project/cytosim/clu_fixed_global_force_sweep/c40_m50/uf2p5/r0020,400,0.009853449874497095,0.0033885303940419447,0.004503799642183217,0.030183392766174183,11.366666666666667,2.705093291290611,0.06,0.2,1.2463066734589907,1.2463066734589907,0.004861476551156435,0.0024250510929459766,0.0031537311762386685
fixed_global_motor_force,c40_m50,uf2p5,1:16,r0021,/home/thekaka/project/cytosim/clu_fixed_global_force_sweep/c40_m50/uf2p5/r0021,400,0.009608760109627612,0.0043277743145654106,0.004916681726365897,0.03232991360691165,6.166666666666667,3.450844624199303,0.125,0.7666666666666667,2.3545531106295945,2.3545531106295945,0.005144512375540638,0.004512969948167853,0.003373795884821761
fixed_global_motor_force,c40_m50,uf2p5,1:16,r0022,/home/thekaka/project/cytosim/clu_fixed_global_force_sweep/c40_m50/uf2p5/r0022,400,0.009608760109627612,0.003261850829965767,0.002621150862668743,0.01605783495958185,1.7333333333333334,2.592779089194531,0.0225,0.1,0.7575913535769427,0.7575913535769427,0.003725803151810779,0.0032448195427638056,0.002859899431345444
fixed_global_motor_force,c40_m50,uf2p5,1:16,r0023,/home/thekaka/project/cytosim/clu_fixed_global_force_sweep/c40_m50/uf2p5/r0023,400,0.009608760109627612,0.0033333298149902176,0.003257037955140059,0.016952287954677847,1.6333333333333333,2.6567641687820367,0.0525,2.2666666666666666,1.4791446673706439,1.4791446673706439,0.00398824494102726,0.0035061212335238414,0.0025405541449257008
fixed_global_motor_force,c40_m50,uf2p5,1:16,r0024,/home/thekaka/project/cytosim/clu_fixed_global_force_sweep/c40_m50/uf2p5/r0024,400,0.009608760109627612,0.0024372815404175635,0.0022961865736152625,0.015976482617586996,0.13333333333333333,1.9387010894253534,0.02,0.1,0.6723923765291665,0.6723923765291665,0.002706010152097764,0.0025915976382399736,0.002016471468178591
fixed_global_motor_force,c40_m50,uf2p5,1:16,r0025,/home/thekaka/project/cytosim/clu_fixed_global_force_sweep/c40_m50/uf2p5/r0025,400,0.009608760109627612,0.003451411878443067,0.003614793623442075,0.033323404072606755,0.03333333333333333,2.7189567147144404,0.0475,0.03333333333333333,0.6025129080389442,0.6025129080389442,0.0044906611953561375,0.0031641288460837152,0.0028363110092922846
fixed_global_motor_force,c40_m50,uf2p5,1:16,r0026,/home/thekaka/project/cytosim/clu_fixed_global_force_sweep/c40_m50/uf2p5/r0026,400,0.009608760109627612,0.0036949736189701233,0.003551079793414926,0.02425041877836359,7.233333333333333,2.9523473097659716,0.0725,4.266666666666667,1.1071797520661155,1.1071797520661155,0.0034854622504545355,0.004263023637652259,0.003234854153710845
fixed_global_motor_force,c40_m50,uf2p5,1:16,r0027,/home/thekaka/project/cytosim/clu_fixed_global_force_sweep/c40_m50/uf2p5/r0027,400,0.009608760109627612,0.00332308971953838,0.004283499088939133,0.033341721187720275,8.1,2.643373637734377,0.065,2.3,1.1416708605938601,1.1416708605938601,0.003462286737399587,0.004399380422224145,0.0019642496391693073
fixed_global_motor_force,c40_m50,uf2p5,1:16,r0028,/home/thekaka/project/cytosim/clu_fixed_global_force_sweep/c40_m50/uf2p5/r0028,400,0.009608760109627612,0.0027957120455574867,0.0025689386877645434,0.018039265680775005,3.466666666666667,2.2274647961416885,0.0275,nan,0.6486486486486489,0.6486486486486489,0.003292544615387335,0.002649615616507533,0.0025116768436318484
fixed_global_motor_force,c40_m50,uf2p5,1:16,r0029,/home/thekaka/project/cytosim/clu_fixed_global_force_sweep/c40_m50/uf2p5/r0029,400,0.009608760109627612,0.003877742852308127,0.004062253974973749,0.020844189682126306,12.966666666666667,3.0958096619894224,0.0775,0.6666666666666666,1.585289468522068,1.585289468522068,0.0048315656698967235,0.0035000487901557372,0.003443767234215115
fixed_global_motor_force,c40_m50,uf2p5,1:16,r0030,/home/thekaka/project/cytosim/clu_fixed_global_force_sweep/c40_m50/uf2p5/r0030,400,0.009608760109627612,0.00317305223292187,0.003932105991953458,0.025925925925925908,1.0,2.516351839247549,0.065,0.03333333333333333,1.553439153439153,1.553439153439153,0.0035365578500090055,0.0038355547246053754,0.002084254200968474
fixed_global_motor_force,c40_m50,uf5p0,1:4,r0001,/home/thekaka/project/cytosim/clu_fixed_global_force_sweep/c40_m50/uf5p0/r0001,400,0.009560635356359143,0.004644423476493913,0.005319325787272422,0.03232323642228252,0.16666666666666666,3.7063620638380246,0.11,0.13333333333333333,2.1400104876769808,2.1400104876769808,0.005554700008475178,0.002934286036259225,0.005775703695802558
fixed_global_motor_force,c40_m50,uf5p0,1:4,r0002,/home/thekaka/project/cytosim/clu_fixed_global_force_sweep/c40_m50/uf5p0/r0002,400,0.009560635356359143,0.003812415594470211,0.0043657985123575225,0.032604591979417064,0.2,3.0324228669331066,0.0875,0.06666666666666667,1.686453861281873,1.686453861281873,0.004839563005896828,0.003996114669074543,0.002669015570421224
fixed_global_motor_force,c40_m50,uf5p0,1:4,r0003,/home/thekaka/project/cytosim/clu_fixed_global_force_sweep/c40_m50/uf5p0/r0003,400,0.009560635356359143,0.003783864471870808,0.004401728813574423,0.027299600852315392,8.6,3.021478000473147,0.095,7.033333333333333,1.7754569190600529,1.7754569190600529,0.002854884424647631,0.005455030080640675,0.002714198703199649
fixed_global_motor_force,c40_m50,uf5p0,1:4,r0004,/home/thekaka/project/cytosim/clu_fixed_global_force_sweep/c40_m50/uf5p0/r0004,400,0.009560635356359143,0.0033974028663035566,0.003237754943093522,0.026639954655396356,4.166666666666667,2.6998257228920908,0.04,0.7,1.2779610871584333,1.2779610871584333,0.004153875486650411,0.0033985079614850646,0.0027089600716585023
fixed_global_motor_force,c40_m50,uf5p0,1:4,r0005,/home/thekaka/project/cytosim/clu_fixed_global_force_sweep/c40_m50/uf5p0/r0005,400,0.009560635356359143,0.004504860014718861,0.0070163498225019666,0.05122422680412354,0.36666666666666664,3.595640589094676,0.095,0.16666666666666666,2.0350515463917525,2.0350515463917525,0.0072744595866439735,0.004086115330391829,0.0024684428665506654
fixed_global_motor_force,c40_m50,uf5p0,1:4,r0006,/home/thekaka/project/cytosim/clu_fixed_global_force_sweep/c40_m50/uf5p0/r0006,400,0.009560635356359143,0.00428557237889949,0.004987191994536321,0.036491973152310564,0.1,3.4087556792114477,0.105,0.03333333333333333,2.13218085106383,2.13218085106383,0.005570020996057367,0.0035195374240908593,0.003995922438285042
fixed_global_motor_force,c40_m50,uf5p0,1:4,r0007,/home/thekaka/project/cytosim/clu_fixed_global_force_sweep/c40_m50/uf5p0/r0007,400,0.009560635356359143,0.003258175860991859,0.003189984006048646,0.016978472578164955,8.3,2.5987241844367466,0.05,0.6666666666666666,1.1027678113787802,1.1027678113787802,0.004028527583295288,0.0035989651375982314,0.002168173979731829
fixed_global_motor_force,c40_m50,uf5p0,1:4,r0008,/home/thekaka/project/cytosim/clu_fixed_global_force_sweep/c40_m50/uf5p0/r0008,400,0.009560635356359143,0.004673589718773532,0.00494123994160407,0.03181936491410725,6.066666666666666,3.7280828587891937,0.12,0.6333333333333333,2.1403170139748844,2.1403170139748844,0.0058625076918236855,0.004435014029052223,0.0038667585330119164
fixed_global_motor_force,c40_m50,uf5p0,1:4,r0009,/home/thekaka/project/cytosim/clu_fixed_global_force_sweep/c40_m50/uf5p0/r0009,400,0.009560635356359143,0.0035704827977005083,0.004870604816285832,0.04155927835051526,0.23333333333333334,2.8470202268781533,0.065,0.06666666666666667,1.5512062493686307,1.5512062493686307,0.004872457463703847,0.0023474106975358276,0.003788237223428026
fixed_global_motor_force,c40_m50,uf5p0,1:4,r0010,/home/thekaka/project/cytosim/clu_fixed_global_force_sweep/c40_m50/uf5p0/r0010,400,0.009560635356359143,0.003925923986639962,0.003969401372578514,0.02321882951653964,9.466666666666667,3.1150288025632715,0.085,0.1,1.629262086513994,1.629262086513994,0.0039401702143545495,0.003366694639502869,0.004553321703987505
fixed_global_motor_force,c40_m50,uf5p0,1:8,r0011,/home/thekaka/project/cytosim/clu_fixed_global_force_sweep/c40_m50/uf5p0/r0011,400,0.009853449874497095,0.004328658766383025,0.004472699879743615,0.026781002638522455,2.466666666666667,3.451241242460051,0.105,0.13333333333333333,2.4147757255936675,2.4147757255936675,0.005484801438221593,0.003929639931371805,0.003735314089305876
fixed_global_motor_force,c40_m50,uf5p0,1:8,r0012,/home/thekaka/project/cytosim/clu_fixed_global_force_sweep/c40_m50/uf5p0/r0012,400,0.009853449874497095,0.004955483049648707,0.00569327126826773,0.03443600867678975,4.866666666666666,3.9523351467972376,0.1625,0.3333333333333333,3.0883947939262466,3.0883947939262466,0.0062865943095369425,0.005451358002799861,0.003178509897745096
fixed_global_motor_force,c40_m50,uf5p0,1:8,r0013,/home/thekaka/project/cytosim/clu_fixed_global_force_sweep/c40_m50/uf5p0/r0013,400,0.009853449874497095,0.004273787324935721,0.0049021128875391526,0.0351394849785408,2.466666666666667,3.4090070587994776,0.0925,0.06666666666666667,2.0225321888412013,2.0225321888412013,0.007732724518033583,0.0029951160915027055,0.0025958267068922616
fixed_global_motor_force,c40_m50,uf5p0,1:8,r0014,/home/thekaka/project/cytosim/clu_fixed_global_force_sweep/c40_m50/uf5p0/r0014,400,0.009853449874497095,0.0034353384675016923,0.003328266255142998,0.018781819081175266,0.36666666666666664,2.7417309777956715,0.0575,0.26666666666666666,1.171689864314686,1.171689864314686,0.004149057950545692,0.003583064954613109,0.002617845402242543
fixed_global_motor_force,c40_m50,uf5p0,1:8,r0015,/home/thekaka/project/cytosim/clu_fixed_global_force_sweep/c40_m50/uf5p0/r0015,400,0.009853449874497095,0.004680529032261277,0.0062294791747173495,0.03397027600849256,13.033333333333333,3.7291688490127224,0.1325,0.23333333333333334,2.7239915074309966,2.7239915074309966,0.006040031715505132,0.0037027099097636357,0.004565201162556143
fixed_global_motor_force,c40_m50,uf5p0,1:8,r0016,/home/thekaka/project/cytosim/clu_fixed_global_force_sweep/c40_m50/uf5p0/r0016,400,0.009853449874497095,0.0032836291392693423,0.002901454339940782,0.018289541473467272,0.03333333333333333,2.6019161913742574,0.0325,nan,1.2202472952086558,1.2202472952086558,0.003926782508444636,0.0029798479345475356,0.0030472316566465254
fixed_global_motor_force,c40_m50,uf5p0,1:8,r0017,/home/thekaka/project/cytosim/clu_fixed_global_force_sweep/c40_m50/uf5p0/r0017,400,0.009853449874497095,0.0049935438145177055,0.005455644875156276,0.03289412255533761,3.2333333333333334,3.9897753733578067,0.1625,0.3,2.7119875454073687,2.7119875454073687,0.006909801171620791,0.004277458972872417,0.004072765957659129
fixed_global_motor_force,c40_m50,uf5p0,1:8,r0018,/home/thekaka/project/cytosim/clu_fixed_global_force_sweep/c40_m50/uf5p0/r0018,400,0.009853449874497095,0.004151569468141669,0.0052208637014623405,0.04207449700924408,0.5,3.3019516049646676,0.1,0.03333333333333333,2.086188145731376,2.086188145731376,0.0071986798400927665,0.0032610116301727983,0.002403306425646629
fixed_global_motor_force,c40_m50,uf5p0,1:8,r0019,/home/thekaka/project/cytosim/clu_fixed_global_force_sweep/c40_m50/uf5p0/r0019,400,0.009853449874497095,0.003603420110616722,0.003676808297269757,0.023670952776949805,11.8,2.8643685571068525,0.065,11.8,1.3181772275631967,1.3181772275631967,0.0039269188086005265,0.003158243997886639,0.0038192985216811462
fixed_global_motor_force,c40_m50,uf5p0,1:8,r0020,/home/thekaka/project/cytosim/clu_fixed_global_force_sweep/c40_m50/uf5p0/r0020,400,0.009853449874497095,0.004164881104751936,0.004867014960963136,0.03349465104431992,1.0,3.3172589337251353,0.105,0.8,2.068517575140092,2.068517575140092,0.00587230186497755,0.003843624586003863,0.0029817162753272264
fixed_global_motor_force,c40_m50,uf5p0,1:16,r0021,/home/thekaka/project/cytosim/clu_fixed_global_force_sweep/c40_m50/uf5p0/r0021,400,0.009608760109627612,0.0033503985948801656,0.004403136235417629,0.03800682124402449,0.5333333333333333,2.675121809726453,0.065,0.2,1.437703818688064,1.437703818688064,0.004584339066429449,0.003550212955770997,0.002000695768559634
fixed_global_motor_force,c40_m50,uf5p0,1:16,r0022,/home/thekaka/project/cytosim/clu_fixed_global_force_sweep/c40_m50/uf5p0/r0022,400,0.009608760109627612,0.0037000762255020104,0.003458684356072882,0.023389570552147382,0.23333333333333334,2.951118721842589,0.055,0.13333333333333333,0.9923352069494126,0.9923352069494126,0.004332628627471497,0.0031124627833127873,0.0037983073743112807
fixed_global_motor_force,c40_m50,uf5p0,1:16,r0023,/home/thekaka/project/cytosim/clu_fixed_global_force_sweep/c40_m50/uf5p0/r0023,400,0.009608760109627612,0.003622293920509243,0.003933447413388951,0.02538124667564899,0.36666666666666664,2.8812280847977876,0.0825,0.03333333333333333,1.3860500766479298,1.3860500766479298,0.004862150000743566,0.0035382215959900167,0.0025922784634863382
fixed_global_motor_force,c40_m50,uf5p0,1:16,r0024,/home/thekaka/project/cytosim/clu_fixed_global_force_sweep/c40_m50/uf5p0/r0024,400,0.009608760109627612,0.004518257537897058,0.005308156921981027,0.039312977099236535,1.7666666666666666,3.610153104108995,0.1175,0.16666666666666666,2.395928753180661,2.395928753180661,0.007829365004340094,0.003108306025974832,0.0031249059217261605
fixed_global_motor_force,c40_m50,uf5p0,1:16,r0025,/home/thekaka/project/cytosim/clu_fixed_global_force_sweep/c40_m50/uf5p0/r0025,400,0.009608760109627612,0.004060677342739987,0.0048359535814787085,0.0355839416058395,0.16666666666666666,3.233560112857961,0.07,0.03333333333333333,1.5836373110995314,1.5836373110995314,0.005929346737602304,0.0030679498293467206,0.0034998946635062004
fixed_global_motor_force,c40_m50,uf5p0,1:16,r0026,/home/thekaka/project/cytosim/clu_fixed_global_force_sweep/c40_m50/uf5p0/r0026,400,0.009608760109627612,0.004738824846176416,0.005342482690397654,0.03156037637219036,1.4333333333333333,3.7894482573683788,0.1275,0.9666666666666667,2.4952953476215365,2.4952953476215365,0.00544766877841315,0.004429623562229717,0.004448960454236214
fixed_global_motor_force,c40_m50,uf5p0,1:16,r0027,/home/thekaka/project/cytosim/clu_fixed_global_force_sweep/c40_m50/uf5p0/r0027,400,0.009608760109627612,0.004488254239850949,0.0063506397282325575,0.04179978700745466,3.1,3.5836811341597783,0.125,0.4666666666666667,2.614217252396166,2.614217252396166,0.007516435742928393,0.003675589251952101,0.002667995837702941
fixed_global_motor_force,c40_m50,uf5p0,1:16,r0028,/home/thekaka/project/cytosim/clu_fixed_global_force_sweep/c40_m50/uf5p0/r0028,400,0.009608760109627612,0.00404242677580278,0.005807955501596752,0.03948717948717939,9.966666666666667,3.217915779616582,0.1025,0.1,1.9389743589743589,1.9389743589743589,0.006161013201673677,0.0021302864059149465,0.004307383041486277
