run_dir,case,replicate,frame,time_s,time_min,dx,dy,dz,net_displacement
/home/thekaka/project/cytosim/ast/nuclear_propulsion_mechanism_mockups/01_quick_20s/01_symmetric_aster_no_external/r0001,01_symmetric_aster_no_external,r0001,0,0.0,0.0,0.0,0.0,0.0,0.0
/home/thekaka/project/cytosim/ast/nuclear_propulsion_mechanism_mockups/01_quick_20s/01_symmetric_aster_no_external/r0001,01_symmetric_aster_no_external,r0001,1,1.0,0.016666666666666666,-0.0003,0.0041,0.0005,0.004141255848169731
/home/thekaka/project/cytosim/ast/nuclear_propulsion_mechanism_mockups/01_quick_20s/01_symmetric_aster_no_external/r0001,01_symmetric_aster_no_external,r0001,2,2.0,0.03333333333333333,-0.0002,0.0054,0.006,0.00807465169527454
/home/thekaka/project/cytosim/ast/nuclear_propulsion_mechanism_mockups/01_quick_20s/01_symmetric_aster_no_external/r0001,01_symmetric_aster_no_external,r0001,3,3.0,0.05,-0.0062,0.0015,0.009,0.011031319050775387
/home/thekaka/project/cytosim/ast/nuclear_propulsion_mechanism_mockups/01_quick_20s/01_symmetric_aster_no_external/r0001,01_symmetric_aster_no_external,r0001,4,4.0,0.06666666666666667,-0.0064,0.0008,0.0084,0.01059056183589898
/home/thekaka/project/cytosim/ast/nuclear_propulsion_mechanism_mockups/01_quick_20s/01_symmetric_aster_no_external/r0001,01_symmetric_aster_no_external,r0001,5,5.0,0.08333333333333333,-0.0021,0.0008,-0.0025,0.003361547262794322
/home/thekaka/project/cytosim/ast/nuclear_propulsion_mechanism_mockups/01_quick_20s/01_symmetric_aster_no_external/r0001,01_symmetric_aster_no_external,r0001,6,6.0,0.1,-0.0001,0.005,-0.003,0.005831809324729333
/home/thekaka/project/cytosim/ast/nuclear_propulsion_mechanism_mockups/01_quick_20s/01_symmetric_aster_no_external/r0001,01_symmetric_aster_no_external,r0001,7,7.0,0.11666666666666667,0.0019,0.0092,-0.0058,0.011040380428228006
/home/thekaka/project/cytosim/ast/nuclear_propulsion_mechanism_mockups/01_quick_20s/01_symmetric_aster_no_external/r0001,01_symmetric_aster_no_external,r0001,8,8.0,0.13333333333333333,0.0017,0.0095,-0.0077,0.012346254492760143
/home/thekaka/project/cytosim/ast/nuclear_propulsion_mechanism_mockups/01_quick_20s/01_symmetric_aster_no_external/r0001,01_symmetric_aster_no_external,r0001,9,9.0,0.15,0.0038,0.0076,-0.0038,0.009308061022576078
/home/thekaka/project/cytosim/ast/nuclear_propulsion_mechanism_mockups/01_quick_20s/01_symmetric_aster_no_external/r0001,01_symmetric_aster_no_external,r0001,10,10.0,0.16666666666666666,-0.0007,0.0114,-0.0018,0.011562439189029277
/home/thekaka/project/cytosim/ast/nuclear_propulsion_mechanism_mockups/01_quick_20s/01_symmetric_aster_no_external/r0001,01_symmetric_aster_no_external,r0001,11,11.0,0.18333333333333332,0.0019,0.0138,-0.0051,0.014834419435893
/home/thekaka/project/cytosim/ast/nuclear_propulsion_mechanism_mockups/01_quick_20s/01_symmetric_aster_no_external/r0001,01_symmetric_aster_no_external,r0001,12,12.0,0.2,-0.0024,0.0119,-0.004,0.01278162743941475
/home/thekaka/project/cytosim/ast/nuclear_propulsion_mechanism_mockups/01_quick_20s/01_symmetric_aster_no_external/r0001,01_symmetric_aster_no_external,r0001,13,13.0,0.21666666666666667,-0.0038,0.0168,-0.0038,0.01763859404827947
/home/thekaka/project/cytosim/ast/nuclear_propulsion_mechanism_mockups/01_quick_20s/01_symmetric_aster_no_external/r0001,01_symmetric_aster_no_external,r0001,14,14.0,0.23333333333333334,-0.0039,0.0169,-0.0037,0.01773442979066426
/home/thekaka/project/cytosim/ast/nuclear_propulsion_mechanism_mockups/01_quick_20s/01_symmetric_aster_no_external/r0001,01_symmetric_aster_no_external,r0001,15,15.0,0.25,-0.0002,0.0099,-0.005,0.011092790451459904
/home/thekaka/project/cytosim/ast/nuclear_propulsion_mechanism_mockups/01_quick_20s/01_symmetric_aster_no_external/r0001,01_symmetric_aster_no_external,r0001,16,16.0,0.26666666666666666,-0.0049,0.0103,-0.011,0.015846135175493107
/home/thekaka/project/cytosim/ast/nuclear_propulsion_mechanism_mockups/01_quick_20s/01_symmetric_aster_no_external/r0001,01_symmetric_aster_no_external,r0001,17,17.0,0.2833333333333333,-0.0081,0.0143,-0.0047,0.017093566041057672
/home/thekaka/project/cytosim/ast/nuclear_propulsion_mechanism_mockups/01_quick_20s/01_symmetric_aster_no_external/r0001,01_symmetric_aster_no_external,r0001,18,18.0,0.3,-0.0093,0.009,-0.0033,0.013355897573731238
/home/thekaka/project/cytosim/ast/nuclear_propulsion_mechanism_mockups/01_quick_20s/01_symmetric_aster_no_external/r0001,01_symmetric_aster_no_external,r0001,19,19.0,0.31666666666666665,-0.0065,0.009,0.0015,0.011202678251204039
/home/thekaka/project/cytosim/ast/nuclear_propulsion_mechanism_mockups/01_quick_20s/01_symmetric_aster_no_external/r0001,01_symmetric_aster_no_external,r0001,20,20.0,0.3333333333333333,-0.0051,0.0072,0.0064,0.0109
/home/thekaka/project/cytosim/ast/nuclear_propulsion_mechanism_mockups/01_quick_20s/02_plus_x_cap_no_external/r0001,02_plus_x_cap_no_external,r0001,0,0.0,0.0,0.0,0.0,0.0,0.0
/home/thekaka/project/cytosim/ast/nuclear_propulsion_mechanism_mockups/01_quick_20s/02_plus_x_cap_no_external/r0001,02_plus_x_cap_no_external,r0001,1,1.0,0.016666666666666666,0.0014,0.0029,-0.0029,0.00433358973600409
/home/thekaka/project/cytosim/ast/nuclear_propulsion_mechanism_mockups/01_quick_20s/02_plus_x_cap_no_external/r0001,02_plus_x_cap_no_external,r0001,2,2.0,0.03333333333333333,0.0079,0.0003,-0.0007,0.00793662396740579
/home/thekaka/project/cytosim/ast/nuclear_propulsion_mechanism_mockups/01_quick_20s/02_plus_x_cap_no_external/r0001,02_plus_x_cap_no_external,r0001,3,3.0,0.05,0.015,0.0029,-0.0014,0.015341773039645712
/home/thekaka/project/cytosim/ast/nuclear_propulsion_mechanism_mockups/01_quick_20s/02_plus_x_cap_no_external/r0001,02_plus_x_cap_no_external,r0001,4,4.0,0.06666666666666667,0.024,-0.0017,-0.0004,0.0240634577731464
/home/thekaka/project/cytosim/ast/nuclear_propulsion_mechanism_mockups/01_quick_20s/02_plus_x_cap_no_external/r0001,02_plus_x_cap_no_external,r0001,5,5.0,0.08333333333333333,0.0334,-0.0047,-0.0038,0.033942451296274996
/home/thekaka/project/cytosim/ast/nuclear_propulsion_mechanism_mockups/01_quick_20s/02_plus_x_cap_no_external/r0001,02_plus_x_cap_no_external,r0001,6,6.0,0.1,0.0323,-0.0089,-0.0085,0.03456515586540874
/home/thekaka/project/cytosim/ast/nuclear_propulsion_mechanism_mockups/01_quick_20s/02_plus_x_cap_no_external/r0001,02_plus_x_cap_no_external,r0001,7,7.0,0.11666666666666667,0.0333,-0.0088,-0.0085,0.03547647107591171
/home/thekaka/project/cytosim/ast/nuclear_propulsion_mechanism_mockups/01_quick_20s/02_plus_x_cap_no_external/r0001,02_plus_x_cap_no_external,r0001,8,8.0,0.13333333333333333,0.0342,-0.0034,-0.0092,0.035578645280561205
/home/thekaka/project/cytosim/ast/nuclear_propulsion_mechanism_mockups/01_quick_20s/02_plus_x_cap_no_external/r0001,02_plus_x_cap_no_external,r0001,9,9.0,0.15,0.0343,-0.0078,-0.0079,0.03605190702306883
/home/thekaka/project/cytosim/ast/nuclear_propulsion_mechanism_mockups/01_quick_20s/02_plus_x_cap_no_external/r0001,02_plus_x_cap_no_external,r0001,10,10.0,0.16666666666666666,0.042,-0.0111,-0.0064,0.04391093257948413
/home/thekaka/project/cytosim/ast/nuclear_propulsion_mechanism_mockups/01_quick_20s/02_plus_x_cap_no_external/r0001,02_plus_x_cap_no_external,r0001,11,11.0,0.18333333333333332,0.0368,-0.0015,-0.0098,0.03811207157843824
/home/thekaka/project/cytosim/ast/nuclear_propulsion_mechanism_mockups/01_quick_20s/02_plus_x_cap_no_external/r0001,02_plus_x_cap_no_external,r0001,12,12.0,0.2,0.0468,-0.0026,-0.0165,0.049691548577197715
/home/thekaka/project/cytosim/ast/nuclear_propulsion_mechanism_mockups/01_quick_20s/02_plus_x_cap_no_external/r0001,02_plus_x_cap_no_external,r0001,13,13.0,0.21666666666666667,0.0502,-0.0048,-0.014,0.05233622072714078
/home/thekaka/project/cytosim/ast/nuclear_propulsion_mechanism_mockups/01_quick_20s/02_plus_x_cap_no_external/r0001,02_plus_x_cap_no_external,r0001,14,14.0,0.23333333333333334,0.0548,-0.0003,-0.0123,0.05616422348791088
/home/thekaka/project/cytosim/ast/nuclear_propulsion_mechanism_mockups/01_quick_20s/02_plus_x_cap_no_external/r0001,02_plus_x_cap_no_external,r0001,15,15.0,0.25,0.0538,0.0026,-0.0066,0.05426564290598611
/home/thekaka/project/cytosim/ast/nuclear_propulsion_mechanism_mockups/01_quick_20s/02_plus_x_cap_no_external/r0001,02_plus_x_cap_no_external,r0001,16,16.0,0.26666666666666666,0.0503,0.0052,-0.01,0.051547356867253626
/home/thekaka/project/cytosim/ast/nuclear_propulsion_mechanism_mockups/01_quick_20s/02_plus_x_cap_no_external/r0001,02_plus_x_cap_no_external,r0001,17,17.0,0.2833333333333333,0.0522,0.0029,-0.0097,0.05317273737546338
/home/thekaka/project/cytosim/ast/nuclear_propulsion_mechanism_mockups/01_quick_20s/02_plus_x_cap_no_external/r0001,02_plus_x_cap_no_external,r0001,18,18.0,0.3,0.0524,0.0008,-0.0091,0.053190318667968146
/home/thekaka/project/cytosim/ast/nuclear_propulsion_mechanism_mockups/01_quick_20s/02_plus_x_cap_no_external/r0001,02_plus_x_cap_no_external,r0001,19,19.0,0.31666666666666665,0.0522,-0.0016,-0.0025,0.05228431887287048
/home/thekaka/project/cytosim/ast/nuclear_propulsion_mechanism_mockups/01_quick_20s/02_plus_x_cap_no_external/r0001,02_plus_x_cap_no_external,r0001,20,20.0,0.3333333333333333,0.0528,-0.0024,-0.0028,0.05292863119333429
/home/thekaka/project/cytosim/ast/nuclear_propulsion_mechanism_mockups/01_quick_20s/03_plus_x_cap_fixed_binders/r0001,03_plus_x_cap_fixed_binders,r0001,0,0.0,0.0,0.0,0.0,0.0,0.0
/home/thekaka/project/cytosim/ast/nuclear_propulsion_mechanism_mockups/01_quick_20s/03_plus_x_cap_fixed_binders/r0001,03_plus_x_cap_fixed_binders,r0001,1,1.0,0.016666666666666666,0.0135,0.0043,-0.0011,0.014210911300827965
/home/thekaka/project/cytosim/ast/nuclear_propulsion_mechanism_mockups/01_quick_20s/03_plus_x_cap_fixed_binders/r0001,03_plus_x_cap_fixed_binders,r0001,2,2.0,0.03333333333333333,0.1079,0.0219,0.0081,0.11039759961158575
/home/thekaka/project/cytosim/ast/nuclear_propulsion_mechanism_mockups/01_quick_20s/03_plus_x_cap_fixed_binders/r0001,03_plus_x_cap_fixed_binders,r0001,3,3.0,0.05,0.3108,0.0462,0.0164,0.31464271801521165
/home/thekaka/project/cytosim/ast/nuclear_propulsion_mechanism_mockups/01_quick_20s/03_plus_x_cap_fixed_binders/r0001,03_plus_x_cap_fixed_binders,r0001,4,4.0,0.06666666666666667,0.5429,0.0671,0.0186,0.5473470379932645
/home/thekaka/project/cytosim/ast/nuclear_propulsion_mechanism_mockups/01_quick_20s/03_plus_x_cap_fixed_binders/r0001,03_plus_x_cap_fixed_binders,r0001,5,5.0,0.08333333333333333,0.7816,0.0789,0.019,0.7858019915983924
/home/thekaka/project/cytosim/ast/nuclear_propulsion_mechanism_mockups/01_quick_20s/03_plus_x_cap_fixed_binders/r0001,03_plus_x_cap_fixed_binders,r0001,6,6.0,0.1,0.8634,0.0709,0.0211,0.8665630848357204
/home/thekaka/project/cytosim/ast/nuclear_propulsion_mechanism_mockups/01_quick_20s/03_plus_x_cap_fixed_binders/r0001,03_plus_x_cap_fixed_binders,r0001,7,7.0,0.11666666666666667,0.8852,0.0707,0.0238,0.8883377567119389
/home/thekaka/project/cytosim/ast/nuclear_propulsion_mechanism_mockups/01_quick_20s/03_plus_x_cap_fixed_binders/r0001,03_plus_x_cap_fixed_binders,r0001,8,8.0,0.13333333333333333,0.8948,0.0756,0.0289,0.8984528980419619
/home/thekaka/project/cytosim/ast/nuclear_propulsion_mechanism_mockups/01_quick_20s/03_plus_x_cap_fixed_binders/r0001,03_plus_x_cap_fixed_binders,r0001,9,9.0,0.15,0.8964,0.0823,0.034,0.9008119948135682
/home/thekaka/project/cytosim/ast/nuclear_propulsion_mechanism_mockups/01_quick_20s/03_plus_x_cap_fixed_binders/r0001,03_plus_x_cap_fixed_binders,r0001,10,10.0,0.16666666666666666,0.8943,0.0849,0.0398,0.8992021685916911
/home/thekaka/project/cytosim/ast/nuclear_propulsion_mechanism_mockups/01_quick_20s/03_plus_x_cap_fixed_binders/r0001,03_plus_x_cap_fixed_binders,r0001,11,11.0,0.18333333333333332,0.8924,0.0816,0.0408,0.8970512582901826
/home/thekaka/project/cytosim/ast/nuclear_propulsion_mechanism_mockups/01_quick_20s/03_plus_x_cap_fixed_binders/r0001,03_plus_x_cap_fixed_binders,r0001,12,12.0,0.2,0.8833,0.0716,0.0331,0.8868151216572708
/home/thekaka/project/cytosim/ast/nuclear_propulsion_mechanism_mockups/01_quick_20s/03_plus_x_cap_fixed_binders/r0001,03_plus_x_cap_fixed_binders,r0001,13,13.0,0.21666666666666667,0.8798,0.0687,0.0274,0.8829034431918362
/home/thekaka/project/cytosim/ast/nuclear_propulsion_mechanism_mockups/01_quick_20s/03_plus_x_cap_fixed_binders/r0001,03_plus_x_cap_fixed_binders,r0001,14,14.0,0.23333333333333334,0.8819,0.0664,0.0215,0.8846574591331947
/home/thekaka/project/cytosim/ast/nuclear_propulsion_mechanism_mockups/01_quick_20s/03_plus_x_cap_fixed_binders/r0001,03_plus_x_cap_fixed_binders,r0001,15,15.0,0.25,0.8765,0.0632,0.019,0.8789809383598712
/home/thekaka/project/cytosim/ast/nuclear_propulsion_mechanism_mockups/01_quick_20s/03_plus_x_cap_fixed_binders/r0001,03_plus_x_cap_fixed_binders,r0001,16,16.0,0.26666666666666666,0.8753,0.057,0.0138,0.8772625205718069
/home/thekaka/project/cytosim/ast/nuclear_propulsion_mechanism_mockups/01_quick_20s/03_plus_x_cap_fixed_binders/r0001,03_plus_x_cap_fixed_binders,r0001,17,17.0,0.2833333333333333,0.8809,0.0536,0.0106,0.882592844974397
/home/thekaka/project/cytosim/ast/nuclear_propulsion_mechanism_mockups/01_quick_20s/03_plus_x_cap_fixed_binders/r0001,03_plus_x_cap_fixed_binders,r0001,18,18.0,0.3,0.8781,0.0495,0.0077,0.8795277994469533
/home/thekaka/project/cytosim/ast/nuclear_propulsion_mechanism_mockups/01_quick_20s/03_plus_x_cap_fixed_binders/r0001,03_plus_x_cap_fixed_binders,r0001,19,19.0,0.31666666666666665,0.8783,0.049,0.0105,0.8797284467379692
/home/thekaka/project/cytosim/ast/nuclear_propulsion_mechanism_mockups/01_quick_20s/03_plus_x_cap_fixed_binders/r0001,03_plus_x_cap_fixed_binders,r0001,20,20.0,0.3333333333333333,0.8811,0.0456,0.0091,0.8823261188472208
/home/thekaka/project/cytosim/ast/nuclear_propulsion_mechanism_mockups/01_quick_20s/04_plus_x_cap_fixed_plus_motors/r0001,04_plus_x_cap_fixed_plus_motors,r0001,0,0.0,0.0,0.0,0.0,0.0,0.0
/home/thekaka/project/cytosim/ast/nuclear_propulsion_mechanism_mockups/01_quick_20s/04_plus_x_cap_fixed_plus_motors/r0001,04_plus_x_cap_fixed_plus_motors,r0001,1,1.0,0.016666666666666666,0.0013,-0.0026,0.0004,0.002934280150224242
/home/thekaka/project/cytosim/ast/nuclear_propulsion_mechanism_mockups/01_quick_20s/04_plus_x_cap_fixed_plus_motors/r0001,04_plus_x_cap_fixed_plus_motors,r0001,2,2.0,0.03333333333333333,-0.012,0.0004,-0.0034,0.012478781991845198
/home/thekaka/project/cytosim/ast/nuclear_propulsion_mechanism_mockups/01_quick_20s/04_plus_x_cap_fixed_plus_motors/r0001,04_plus_x_cap_fixed_plus_motors,r0001,3,3.0,0.05,-0.0267,-0.0041,-0.0021,0.02709446437927866
/home/thekaka/project/cytosim/ast/nuclear_propulsion_mechanism_mockups/01_quick_20s/04_plus_x_cap_fixed_plus_motors/r0001,04_plus_x_cap_fixed_plus_motors,r0001,4,4.0,0.06666666666666667,-0.0559,-0.0005,-0.0047,0.056099465238092956
/home/thekaka/project/cytosim/ast/nuclear_propulsion_mechanism_mockups/01_quick_20s/04_plus_x_cap_fixed_plus_motors/r0001,04_plus_x_cap_fixed_plus_motors,r0001,5,5.0,0.08333333333333333,-0.0802,-0.0017,-0.0032,0.08028181612295526
/home/thekaka/project/cytosim/ast/nuclear_propulsion_mechanism_mockups/01_quick_20s/04_plus_x_cap_fixed_plus_motors/r0001,04_plus_x_cap_fixed_plus_motors,r0001,6,6.0,0.1,-0.1173,0.0014,0.0041,0.11737998125745293
/home/thekaka/project/cytosim/ast/nuclear_propulsion_mechanism_mockups/01_quick_20s/04_plus_x_cap_fixed_plus_motors/r0001,04_plus_x_cap_fixed_plus_motors,r0001,7,7.0,0.11666666666666667,-0.1468,0.0034,0.0048,0.14691780014688488
/home/thekaka/project/cytosim/ast/nuclear_propulsion_mechanism_mockups/01_quick_20s/04_plus_x_cap_fixed_plus_motors/r0001,04_plus_x_cap_fixed_plus_motors,r0001,8,8.0,0.13333333333333333,-0.1647,0.0076,0.0034,0.16491030895611106
/home/thekaka/project/cytosim/ast/nuclear_propulsion_mechanism_mockups/01_quick_20s/04_plus_x_cap_fixed_plus_motors/r0001,04_plus_x_cap_fixed_plus_motors,r0001,9,9.0,0.15,-0.1828,0.0026,0.005,0.18288685026540316
/home/thekaka/project/cytosim/ast/nuclear_propulsion_mechanism_mockups/01_quick_20s/04_plus_x_cap_fixed_plus_motors/r0001,04_plus_x_cap_fixed_plus_motors,r0001,10,10.0,0.16666666666666666,-0.1992,0.0037,0.0063,0.1993339409132323
/home/thekaka/project/cytosim/ast/nuclear_propulsion_mechanism_mockups/01_quick_20s/04_plus_x_cap_fixed_plus_motors/r0001,04_plus_x_cap_fixed_plus_motors,r0001,11,11.0,0.18333333333333332,-0.2095,-0.0048,0.0092,0.20975683540709703
/home/thekaka/project/cytosim/ast/nuclear_propulsion_mechanism_mockups/01_quick_20s/04_plus_x_cap_fixed_plus_motors/r0001,04_plus_x_cap_fixed_plus_motors,r0001,12,12.0,0.2,-0.2262,-0.0025,0.0062,0.22629876270099225
/home/thekaka/project/cytosim/ast/nuclear_propulsion_mechanism_mockups/01_quick_20s/04_plus_x_cap_fixed_plus_motors/r0001,04_plus_x_cap_fixed_plus_motors,r0001,13,13.0,0.21666666666666667,-0.2417,0.0003,0.0052,0.24175611677887285
/home/thekaka/project/cytosim/ast/nuclear_propulsion_mechanism_mockups/01_quick_20s/04_plus_x_cap_fixed_plus_motors/r0001,04_plus_x_cap_fixed_plus_motors,r0001,14,14.0,0.23333333333333334,-0.253,0.0013,0.0053,0.25305884691114827
/home/thekaka/project/cytosim/ast/nuclear_propulsion_mechanism_mockups/01_quick_20s/04_plus_x_cap_fixed_plus_motors/r0001,04_plus_x_cap_fixed_plus_motors,r0001,15,15.0,0.25,-0.2678,-0.0011,0.0039,0.26783065545228385
/home/thekaka/project/cytosim/ast/nuclear_propulsion_mechanism_mockups/01_quick_20s/04_plus_x_cap_fixed_plus_motors/r0001,04_plus_x_cap_fixed_plus_motors,r0001,16,16.0,0.26666666666666666,-0.2809,0.001,0.0066,0.2809793052877738
/home/thekaka/project/cytosim/ast/nuclear_propulsion_mechanism_mockups/01_quick_20s/04_plus_x_cap_fixed_plus_motors/r0001,04_plus_x_cap_fixed_plus_motors,r0001,17,17.0,0.2833333333333333,-0.291,0.0013,0.003,0.29101836711795354
/home/thekaka/project/cytosim/ast/nuclear_propulsion_mechanism_mockups/01_quick_20s/04_plus_x_cap_fixed_plus_motors/r0001,04_plus_x_cap_fixed_plus_motors,r0001,18,18.0,0.3,-0.3084,0.0031,0.0043,0.3084455543527901
/home/thekaka/project/cytosim/ast/nuclear_propulsion_mechanism_mockups/01_quick_20s/04_plus_x_cap_fixed_plus_motors/r0001,04_plus_x_cap_fixed_plus_motors,r0001,19,19.0,0.31666666666666665,-0.3196,-0.0002,0.003,0.31961414236544666
/home/thekaka/project/cytosim/ast/nuclear_propulsion_mechanism_mockups/01_quick_20s/04_plus_x_cap_fixed_plus_motors/r0001,04_plus_x_cap_fixed_plus_motors,r0001,20,20.0,0.3333333333333333,-0.328,-0.0054,0.0006,0.3280449969135332
/home/thekaka/project/cytosim/ast/nuclear_propulsion_mechanism_mockups/01_quick_20s/05_symmetric_aster_fixed_plus_motors/r0001,05_symmetric_aster_fixed_plus_motors,r0001,0,0.0,0.0,0.0,0.0,0.0,0.0
/home/thekaka/project/cytosim/ast/nuclear_propulsion_mechanism_mockups/01_quick_20s/05_symmetric_aster_fixed_plus_motors/r0001,05_symmetric_aster_fixed_plus_motors,r0001,1,1.0,0.016666666666666666,0.0005,-0.0041,0.0001,0.00413158565202272
/home/thekaka/project/cytosim/ast/nuclear_propulsion_mechanism_mockups/01_quick_20s/05_symmetric_aster_fixed_plus_motors/r0001,05_symmetric_aster_fixed_plus_motors,r0001,2,2.0,0.03333333333333333,-0.0023,-0.0062,-0.0062,0.009064766957842876
/home/thekaka/project/cytosim/ast/nuclear_propulsion_mechanism_mockups/01_quick_20s/05_symmetric_aster_fixed_plus_motors/r0001,05_symmetric_aster_fixed_plus_motors,r0001,3,3.0,0.05,-0.0078,-0.0094,-0.0051,0.013236691429507601
/home/thekaka/project/cytosim/ast/nuclear_propulsion_mechanism_mockups/01_quick_20s/05_symmetric_aster_fixed_plus_motors/r0001,05_symmetric_aster_fixed_plus_motors,r0001,4,4.0,0.06666666666666667,-0.0142,-0.0111,-0.0075,0.019521782705480564
/home/thekaka/project/cytosim/ast/nuclear_propulsion_mechanism_mockups/01_quick_20s/05_symmetric_aster_fixed_plus_motors/r0001,05_symmetric_aster_fixed_plus_motors,r0001,5,5.0,0.08333333333333333,-0.0201,-0.0155,-0.0093,0.02703238798182654
/home/thekaka/project/cytosim/ast/nuclear_propulsion_mechanism_mockups/01_quick_20s/05_symmetric_aster_fixed_plus_motors/r0001,05_symmetric_aster_fixed_plus_motors,r0001,6,6.0,0.1,-0.0301,-0.0166,-0.0162,0.038000131578719565
/home/thekaka/project/cytosim/ast/nuclear_propulsion_mechanism_mockups/01_quick_20s/05_symmetric_aster_fixed_plus_motors/r0001,05_symmetric_aster_fixed_plus_motors,r0001,7,7.0,0.11666666666666667,-0.0391,-0.0151,-0.0181,0.04565555825964677
/home/thekaka/project/cytosim/ast/nuclear_propulsion_mechanism_mockups/01_quick_20s/05_symmetric_aster_fixed_plus_motors/r0001,05_symmetric_aster_fixed_plus_motors,r0001,8,8.0,0.13333333333333333,-0.0439,-0.015,-0.0091,0.047275998138590375
/home/thekaka/project/cytosim/ast/nuclear_propulsion_mechanism_mockups/01_quick_20s/05_symmetric_aster_fixed_plus_motors/r0001,05_symmetric_aster_fixed_plus_motors,r0001,9,9.0,0.15,-0.0483,-0.0104,-0.0078,0.050018896429249615
/home/thekaka/project/cytosim/ast/nuclear_propulsion_mechanism_mockups/01_quick_20s/05_symmetric_aster_fixed_plus_motors/r0001,05_symmetric_aster_fixed_plus_motors,r0001,10,10.0,0.16666666666666666,-0.053,-0.0023,-0.0066,0.05345886268898731
/home/thekaka/project/cytosim/ast/nuclear_propulsion_mechanism_mockups/01_quick_20s/05_symmetric_aster_fixed_plus_motors/r0001,05_symmetric_aster_fixed_plus_motors,r0001,11,11.0,0.18333333333333332,-0.0549,-0.0054,-0.0069,0.055594783927990936
/home/thekaka/project/cytosim/ast/nuclear_propulsion_mechanism_mockups/01_quick_20s/05_symmetric_aster_fixed_plus_motors/r0001,05_symmetric_aster_fixed_plus_motors,r0001,12,12.0,0.2,-0.0593,-0.0068,-0.0047,0.05987336636602288
/home/thekaka/project/cytosim/ast/nuclear_propulsion_mechanism_mockups/01_quick_20s/05_symmetric_aster_fixed_plus_motors/r0001,05_symmetric_aster_fixed_plus_motors,r0001,13,13.0,0.21666666666666667,-0.0682,-0.0109,-0.0055,0.06928419733243649
/home/thekaka/project/cytosim/ast/nuclear_propulsion_mechanism_mockups/01_quick_20s/05_symmetric_aster_fixed_plus_motors/r0001,05_symmetric_aster_fixed_plus_motors,r0001,14,14.0,0.23333333333333334,-0.0679,-0.0047,-0.0055,0.06828433202426454
/home/thekaka/project/cytosim/ast/nuclear_propulsion_mechanism_mockups/01_quick_20s/05_symmetric_aster_fixed_plus_motors/r0001,05_symmetric_aster_fixed_plus_motors,r0001,15,15.0,0.25,-0.0661,-0.0071,-0.0102,0.067258159356319
/home/thekaka/project/cytosim/ast/nuclear_propulsion_mechanism_mockups/01_quick_20s/05_symmetric_aster_fixed_plus_motors/r0001,05_symmetric_aster_fixed_plus_motors,r0001,16,16.0,0.26666666666666666,-0.0658,-0.0063,-0.0059,0.06636369489412114
/home/thekaka/project/cytosim/ast/nuclear_propulsion_mechanism_mockups/01_quick_20s/05_symmetric_aster_fixed_plus_motors/r0001,05_symmetric_aster_fixed_plus_motors,r0001,17,17.0,0.2833333333333333,-0.0686,-0.0081,-0.0051,0.06926456525525876
/home/thekaka/project/cytosim/ast/nuclear_propulsion_mechanism_mockups/01_quick_20s/05_symmetric_aster_fixed_plus_motors/r0001,05_symmetric_aster_fixed_plus_motors,r0001,18,18.0,0.3,-0.0749,-0.0077,-0.0086,0.07578429916546038
/home/thekaka/project/cytosim/ast/nuclear_propulsion_mechanism_mockups/01_quick_20s/05_symmetric_aster_fixed_plus_motors/r0001,05_symmetric_aster_fixed_plus_motors,r0001,19,19.0,0.31666666666666665,-0.083,-0.0121,-0.0099,0.08445957612964915
/home/thekaka/project/cytosim/ast/nuclear_propulsion_mechanism_mockups/01_quick_20s/05_symmetric_aster_fixed_plus_motors/r0001,05_symmetric_aster_fixed_plus_motors,r0001,20,20.0,0.3333333333333333,-0.0867,-0.008,-0.0056,0.08724820915067541
/home/thekaka/project/cytosim/ast/nuclear_propulsion_mechanism_mockups/01_quick_20s/06_plus_x_cap_fixed_minus_motors/r0001,06_plus_x_cap_fixed_minus_motors,r0001,0,0.0,0.0,0.0,0.0,0.0,0.0
/home/thekaka/project/cytosim/ast/nuclear_propulsion_mechanism_mockups/01_quick_20s/06_plus_x_cap_fixed_minus_motors/r0001,06_plus_x_cap_fixed_minus_motors,r0001,1,1.0,0.016666666666666666,0.0544,-0.0048,-0.0005,0.0546136429841482
/home/thekaka/project/cytosim/ast/nuclear_propulsion_mechanism_mockups/01_quick_20s/06_plus_x_cap_fixed_minus_motors/r0001,06_plus_x_cap_fixed_minus_motors,r0001,2,2.0,0.03333333333333333,0.2459,-0.0117,-0.0023,0.24618893151398988
/home/thekaka/project/cytosim/ast/nuclear_propulsion_mechanism_mockups/01_quick_20s/06_plus_x_cap_fixed_minus_motors/r0001,06_plus_x_cap_fixed_minus_motors,r0001,3,3.0,0.05,0.5356,-0.0246,0.0011,0.5361657672772479
/home/thekaka/project/cytosim/ast/nuclear_propulsion_mechanism_mockups/01_quick_20s/06_plus_x_cap_fixed_minus_motors/r0001,06_plus_x_cap_fixed_minus_motors,r0001,4,4.0,0.06666666666666667,0.8227,-0.0287,0.0126,0.8232968723370689
/home/thekaka/project/cytosim/ast/nuclear_propulsion_mechanism_mockups/01_quick_20s/06_plus_x_cap_fixed_minus_motors/r0001,06_plus_x_cap_fixed_minus_motors,r0001,5,5.0,0.08333333333333333,1.0656,-0.0281,0.0174,1.0661124377850586
/home/thekaka/project/cytosim/ast/nuclear_propulsion_mechanism_mockups/01_quick_20s/06_plus_x_cap_fixed_minus_motors/r0001,06_plus_x_cap_fixed_minus_motors,r0001,6,6.0,0.1,1.1767,-0.0431,0.0165,1.1776046662611355
/home/thekaka/project/cytosim/ast/nuclear_propulsion_mechanism_mockups/01_quick_20s/06_plus_x_cap_fixed_minus_motors/r0001,06_plus_x_cap_fixed_minus_motors,r0001,7,7.0,0.11666666666666667,1.2594,-0.0331,0.0222,1.2600304797900723
/home/thekaka/project/cytosim/ast/nuclear_propulsion_mechanism_mockups/01_quick_20s/06_plus_x_cap_fixed_minus_motors/r0001,06_plus_x_cap_fixed_minus_motors,r0001,8,8.0,0.13333333333333333,1.3352,-0.0188,0.029,1.3356472139004372
/home/thekaka/project/cytosim/ast/nuclear_propulsion_mechanism_mockups/01_quick_20s/06_plus_x_cap_fixed_minus_motors/r0001,06_plus_x_cap_fixed_minus_motors,r0001,9,9.0,0.15,1.3911,-0.0148,0.0286,1.391472676699043
/home/thekaka/project/cytosim/ast/nuclear_propulsion_mechanism_mockups/01_quick_20s/06_plus_x_cap_fixed_minus_motors/r0001,06_plus_x_cap_fixed_minus_motors,r0001,10,10.0,0.16666666666666666,1.4415,-0.0067,0.0256,1.4417428688916758
/home/thekaka/project/cytosim/ast/nuclear_propulsion_mechanism_mockups/01_quick_20s/06_plus_x_cap_fixed_minus_motors/r0001,06_plus_x_cap_fixed_minus_motors,r0001,11,11.0,0.18333333333333332,1.4801,-0.0055,0.0258,1.4803350634231427
/home/thekaka/project/cytosim/ast/nuclear_propulsion_mechanism_mockups/01_quick_20s/06_plus_x_cap_fixed_minus_motors/r0001,06_plus_x_cap_fixed_minus_motors,r0001,12,12.0,0.2,1.5125,-0.0028,0.0332,1.5128669240881696
/home/thekaka/project/cytosim/ast/nuclear_propulsion_mechanism_mockups/01_quick_20s/06_plus_x_cap_fixed_minus_motors/r0001,06_plus_x_cap_fixed_minus_motors,r0001,13,13.0,0.21666666666666667,1.5239,-0.0023,0.03,1.5241970017028639
/home/thekaka/project/cytosim/ast/nuclear_propulsion_mechanism_mockups/01_quick_20s/06_plus_x_cap_fixed_minus_motors/r0001,06_plus_x_cap_fixed_minus_motors,r0001,14,14.0,0.23333333333333334,1.5406,0.0026,0.0282,1.5408602662149478
/home/thekaka/project/cytosim/ast/nuclear_propulsion_mechanism_mockups/01_quick_20s/06_plus_x_cap_fixed_minus_motors/r0001,06_plus_x_cap_fixed_minus_motors,r0001,15,15.0,0.25,1.5567,0.0103,0.0319,1.5570608819182377
/home/thekaka/project/cytosim/ast/nuclear_propulsion_mechanism_mockups/01_quick_20s/06_plus_x_cap_fixed_minus_motors/r0001,06_plus_x_cap_fixed_minus_motors,r0001,16,16.0,0.26666666666666666,1.5634,0.0067,0.031,1.5637216664099785
/home/thekaka/project/cytosim/ast/nuclear_propulsion_mechanism_mockups/01_quick_20s/06_plus_x_cap_fixed_minus_motors/r0001,06_plus_x_cap_fixed_minus_motors,r0001,17,17.0,0.2833333333333333,1.5734,0.0073,0.0347,1.573799523446363
/home/thekaka/project/cytosim/ast/nuclear_propulsion_mechanism_mockups/01_quick_20s/06_plus_x_cap_fixed_minus_motors/r0001,06_plus_x_cap_fixed_minus_motors,r0001,18,18.0,0.3,1.5844,0.0051,0.0347,1.584788143569985
/home/thekaka/project/cytosim/ast/nuclear_propulsion_mechanism_mockups/01_quick_20s/06_plus_x_cap_fixed_minus_motors/r0001,06_plus_x_cap_fixed_minus_motors,r0001,19,19.0,0.31666666666666665,1.5903,0.0097,0.0337,1.5906866033257463
/home/thekaka/project/cytosim/ast/nuclear_propulsion_mechanism_mockups/01_quick_20s/06_plus_x_cap_fixed_minus_motors/r0001,06_plus_x_cap_fixed_minus_motors,r0001,20,20.0,0.3333333333333333,1.5965,0.0109,0.0349,1.5969186172125367
/home/thekaka/project/cytosim/ast/nuclear_propulsion_mechanism_mockups/01_quick_20s/07_symmetric_aster_fixed_minus_motors/r0001,07_symmetric_aster_fixed_minus_motors,r0001,0,0.0,0.0,0.0,0.0,0.0,0.0
/home/thekaka/project/cytosim/ast/nuclear_propulsion_mechanism_mockups/01_quick_20s/07_symmetric_aster_fixed_minus_motors/r0001,07_symmetric_aster_fixed_minus_motors,r0001,1,1.0,0.016666666666666666,0.0212,0.0009,0.0011,0.021247588098417196
/home/thekaka/project/cytosim/ast/nuclear_propulsion_mechanism_mockups/01_quick_20s/07_symmetric_aster_fixed_minus_motors/r0001,07_symmetric_aster_fixed_minus_motors,r0001,2,2.0,0.03333333333333333,0.0974,0.0121,-0.0095,0.09860740337317478
/home/thekaka/project/cytosim/ast/nuclear_propulsion_mechanism_mockups/01_quick_20s/07_symmetric_aster_fixed_minus_motors/r0001,07_symmetric_aster_fixed_minus_motors,r0001,3,3.0,0.05,0.2713,0.0187,-0.019,0.2726066396843628
/home/thekaka/project/cytosim/ast/nuclear_propulsion_mechanism_mockups/01_quick_20s/07_symmetric_aster_fixed_minus_motors/r0001,07_symmetric_aster_fixed_minus_motors,r0001,4,4.0,0.06666666666666667,0.4955,0.003,-0.0279,0.49629392500815483
/home/thekaka/project/cytosim/ast/nuclear_propulsion_mechanism_mockups/01_quick_20s/07_symmetric_aster_fixed_minus_motors/r0001,07_symmetric_aster_fixed_minus_motors,r0001,5,5.0,0.08333333333333333,0.7327,-0.0148,-0.045,0.7342297528703124
/home/thekaka/project/cytosim/ast/nuclear_propulsion_mechanism_mockups/01_quick_20s/07_symmetric_aster_fixed_minus_motors/r0001,07_symmetric_aster_fixed_minus_motors,r0001,6,6.0,0.1,0.8681,0.0008,-0.0587,0.8700827202053836
/home/thekaka/project/cytosim/ast/nuclear_propulsion_mechanism_mockups/01_quick_20s/07_symmetric_aster_fixed_minus_motors/r0001,07_symmetric_aster_fixed_minus_motors,r0001,7,7.0,0.11666666666666667,0.9722,0.0026,-0.0654,0.9744007183905398
/home/thekaka/project/cytosim/ast/nuclear_propulsion_mechanism_mockups/01_quick_20s/07_symmetric_aster_fixed_minus_motors/r0001,07_symmetric_aster_fixed_minus_motors,r0001,8,8.0,0.13333333333333333,1.0599,0.0028,-0.0534,1.06124804357888
/home/thekaka/project/cytosim/ast/nuclear_propulsion_mechanism_mockups/01_quick_20s/07_symmetric_aster_fixed_minus_motors/r0001,07_symmetric_aster_fixed_minus_motors,r0001,9,9.0,0.15,1.1224,0.0013,-0.0393,1.1230885717520234
/home/thekaka/project/cytosim/ast/nuclear_propulsion_mechanism_mockups/01_quick_20s/07_symmetric_aster_fixed_minus_motors/r0001,07_symmetric_aster_fixed_minus_motors,r0001,10,10.0,0.16666666666666666,1.1799,0.0069,-0.0389,1.18056123517588
/home/thekaka/project/cytosim/ast/nuclear_propulsion_mechanism_mockups/01_quick_20s/07_symmetric_aster_fixed_minus_motors/r0001,07_symmetric_aster_fixed_minus_motors,r0001,11,11.0,0.18333333333333332,1.2294,0.0111,-0.0515,1.2305282686716303
/home/thekaka/project/cytosim/ast/nuclear_propulsion_mechanism_mockups/01_quick_20s/07_symmetric_aster_fixed_minus_motors/r0001,07_symmetric_aster_fixed_minus_motors,r0001,12,12.0,0.2,1.2542,0.0073,-0.0522,1.255307042121568
/home/thekaka/project/cytosim/ast/nuclear_propulsion_mechanism_mockups/01_quick_20s/07_symmetric_aster_fixed_minus_motors/r0001,07_symmetric_aster_fixed_minus_motors,r0001,13,13.0,0.21666666666666667,1.2954,0.0085,-0.051,1.296431413534862
/home/thekaka/project/cytosim/ast/nuclear_propulsion_mechanism_mockups/01_quick_20s/07_symmetric_aster_fixed_minus_motors/r0001,07_symmetric_aster_fixed_minus_motors,r0001,14,14.0,0.23333333333333334,1.3275,0.0188,-0.0523,1.3286628541507435
/home/thekaka/project/cytosim/ast/nuclear_propulsion_mechanism_mockups/01_quick_20s/07_symmetric_aster_fixed_minus_motors/r0001,07_symmetric_aster_fixed_minus_motors,r0001,15,15.0,0.25,1.3452,0.0193,-0.06,1.346675733055289
/home/thekaka/project/cytosim/ast/nuclear_propulsion_mechanism_mockups/01_quick_20s/07_symmetric_aster_fixed_minus_motors/r0001,07_symmetric_aster_fixed_minus_motors,r0001,16,16.0,0.26666666666666666,1.3595,0.0133,-0.055,1.3606770888054227
/home/thekaka/project/cytosim/ast/nuclear_propulsion_mechanism_mockups/01_quick_20s/07_symmetric_aster_fixed_minus_motors/r0001,07_symmetric_aster_fixed_minus_motors,r0001,17,17.0,0.2833333333333333,1.3626,0.0144,-0.0505,1.3636115172584897
/home/thekaka/project/cytosim/ast/nuclear_propulsion_mechanism_mockups/01_quick_20s/07_symmetric_aster_fixed_minus_motors/r0001,07_symmetric_aster_fixed_minus_motors,r0001,18,18.0,0.3,1.3624,0.0131,-0.0554,1.3635888419901359
/home/thekaka/project/cytosim/ast/nuclear_propulsion_mechanism_mockups/01_quick_20s/07_symmetric_aster_fixed_minus_motors/r0001,07_symmetric_aster_fixed_minus_motors,r0001,19,19.0,0.31666666666666665,1.3656,0.0082,-0.0428,1.366295151129506
/home/thekaka/project/cytosim/ast/nuclear_propulsion_mechanism_mockups/01_quick_20s/07_symmetric_aster_fixed_minus_motors/r0001,07_symmetric_aster_fixed_minus_motors,r0001,20,20.0,0.3333333333333333,1.3737,0.0168,-0.0455,1.3745559937667144
/home/thekaka/project/cytosim/ast/nuclear_propulsion_mechanism_mockups/01_quick_20s/08_push_filaments_unanchored/r0001,08_push_filaments_unanchored,r0001,0,0.0,0.0,0.0,0.0,0.0,0.0
/home/thekaka/project/cytosim/ast/nuclear_propulsion_mechanism_mockups/01_quick_20s/08_push_filaments_unanchored/r0001,08_push_filaments_unanchored,r0001,1,1.0,0.016666666666666666,0.0001,-0.0006,0.0003,0.0006782329983125268
/home/thekaka/project/cytosim/ast/nuclear_propulsion_mechanism_mockups/01_quick_20s/08_push_filaments_unanchored/r0001,08_push_filaments_unanchored,r0001,2,2.0,0.03333333333333333,-0.0029,0.0005,-0.0016,0.0033496268448888447
/home/thekaka/project/cytosim/ast/nuclear_propulsion_mechanism_mockups/01_quick_20s/08_push_filaments_unanchored/r0001,08_push_filaments_unanchored,r0001,3,3.0,0.05,-0.0046,-0.0019,-0.0024,0.005525395913416522
/home/thekaka/project/cytosim/ast/nuclear_propulsion_mechanism_mockups/01_quick_20s/08_push_filaments_unanchored/r0001,08_push_filaments_unanchored,r0001,4,4.0,0.06666666666666667,-0.0042,-0.0041,0.0045,0.0073959448348402375
/home/thekaka/project/cytosim/ast/nuclear_propulsion_mechanism_mockups/01_quick_20s/08_push_filaments_unanchored/r0001,08_push_filaments_unanchored,r0001,5,5.0,0.08333333333333333,-0.0007,0.0037,0.0047,0.00602245796996542
/home/thekaka/project/cytosim/ast/nuclear_propulsion_mechanism_mockups/01_quick_20s/08_push_filaments_unanchored/r0001,08_push_filaments_unanchored,r0001,6,6.0,0.1,-0.0057,0.0038,0.0052,0.008600581375697807
/home/thekaka/project/cytosim/ast/nuclear_propulsion_mechanism_mockups/01_quick_20s/08_push_filaments_unanchored/r0001,08_push_filaments_unanchored,r0001,7,7.0,0.11666666666666667,-0.0023,0.0055,0.0038,0.007069653456853454
/home/thekaka/project/cytosim/ast/nuclear_propulsion_mechanism_mockups/01_quick_20s/08_push_filaments_unanchored/r0001,08_push_filaments_unanchored,r0001,8,8.0,0.13333333333333333,-0.0058,0.0067,0.0061,0.010758252646224665
/home/thekaka/project/cytosim/ast/nuclear_propulsion_mechanism_mockups/01_quick_20s/08_push_filaments_unanchored/r0001,08_push_filaments_unanchored,r0001,9,9.0,0.15,-0.0038,0.0027,0.0051,0.00690941386804988
/home/thekaka/project/cytosim/ast/nuclear_propulsion_mechanism_mockups/01_quick_20s/08_push_filaments_unanchored/r0001,08_push_filaments_unanchored,r0001,10,10.0,0.16666666666666666,-0.0062,0.0002,0.0057,0.00842436941260294
/home/thekaka/project/cytosim/ast/nuclear_propulsion_mechanism_mockups/01_quick_20s/08_push_filaments_unanchored/r0001,08_push_filaments_unanchored,r0001,11,11.0,0.18333333333333332,-0.0049,0.0029,0.0094,0.010989995450408522
/home/thekaka/project/cytosim/ast/nuclear_propulsion_mechanism_mockups/01_quick_20s/08_push_filaments_unanchored/r0001,08_push_filaments_unanchored,r0001,12,12.0,0.2,-0.0004,0.0038,0.0061,0.0071979163651712435
/home/thekaka/project/cytosim/ast/nuclear_propulsion_mechanism_mockups/01_quick_20s/08_push_filaments_unanchored/r0001,08_push_filaments_unanchored,r0001,13,13.0,0.21666666666666667,-0.0007,0.0014,0.0053,0.00552630075185924
/home/thekaka/project/cytosim/ast/nuclear_propulsion_mechanism_mockups/01_quick_20s/08_push_filaments_unanchored/r0001,08_push_filaments_unanchored,r0001,14,14.0,0.23333333333333334,-0.0001,0.0062,0.0076,0.009808669634563089
/home/thekaka/project/cytosim/ast/nuclear_propulsion_mechanism_mockups/01_quick_20s/08_push_filaments_unanchored/r0001,08_push_filaments_unanchored,r0001,15,15.0,0.25,0.002,0.0113,0.0051,0.012557866060760483
/home/thekaka/project/cytosim/ast/nuclear_propulsion_mechanism_mockups/01_quick_20s/08_push_filaments_unanchored/r0001,08_push_filaments_unanchored,r0001,16,16.0,0.26666666666666666,0.0078,0.0151,0.0052,0.017773294573601148
/home/thekaka/project/cytosim/ast/nuclear_propulsion_mechanism_mockups/01_quick_20s/08_push_filaments_unanchored/r0001,08_push_filaments_unanchored,r0001,17,17.0,0.2833333333333333,0.0034,0.0153,0.0043,0.016252384440444422
/home/thekaka/project/cytosim/ast/nuclear_propulsion_mechanism_mockups/01_quick_20s/08_push_filaments_unanchored/r0001,08_push_filaments_unanchored,r0001,18,18.0,0.3,-0.0022,0.0154,0.0005,0.01556438241627338
/home/thekaka/project/cytosim/ast/nuclear_propulsion_mechanism_mockups/01_quick_20s/08_push_filaments_unanchored/r0001,08_push_filaments_unanchored,r0001,19,19.0,0.31666666666666665,-0.0049,0.016,0.0037,0.017137677789012137
/home/thekaka/project/cytosim/ast/nuclear_propulsion_mechanism_mockups/01_quick_20s/08_push_filaments_unanchored/r0001,08_push_filaments_unanchored,r0001,20,20.0,0.3333333333333333,-0.0049,0.0173,0.0035,0.018318023910891698
/home/thekaka/project/cytosim/ast/nuclear_propulsion_mechanism_mockups/01_quick_20s/09_push_filaments_fixed_binders/r0001,09_push_filaments_fixed_binders,r0001,0,0.0,0.0,0.0,0.0,0.0,0.0
/home/thekaka/project/cytosim/ast/nuclear_propulsion_mechanism_mockups/01_quick_20s/09_push_filaments_fixed_binders/r0001,09_push_filaments_fixed_binders,r0001,1,1.0,0.016666666666666666,-0.0048,-0.0038,0.0024,0.006575712889109439
/home/thekaka/project/cytosim/ast/nuclear_propulsion_mechanism_mockups/01_quick_20s/09_push_filaments_fixed_binders/r0001,09_push_filaments_fixed_binders,r0001,2,2.0,0.03333333333333333,-0.003,-0.0048,-0.0004,0.005674504383644443
/home/thekaka/project/cytosim/ast/nuclear_propulsion_mechanism_mockups/01_quick_20s/09_push_filaments_fixed_binders/r0001,09_push_filaments_fixed_binders,r0001,3,3.0,0.05,-0.0049,-0.0047,-0.0024,0.0072013887549555325
/home/thekaka/project/cytosim/ast/nuclear_propulsion_mechanism_mockups/01_quick_20s/09_push_filaments_fixed_binders/r0001,09_push_filaments_fixed_binders,r0001,4,4.0,0.06666666666666667,-0.0013,-0.002,-0.0015,0.0028178005607210743
/home/thekaka/project/cytosim/ast/nuclear_propulsion_mechanism_mockups/01_quick_20s/09_push_filaments_fixed_binders/r0001,09_push_filaments_fixed_binders,r0001,5,5.0,0.08333333333333333,-0.003,-0.0009,0.0065,0.007215261603018978
/home/thekaka/project/cytosim/ast/nuclear_propulsion_mechanism_mockups/01_quick_20s/09_push_filaments_fixed_binders/r0001,09_push_filaments_fixed_binders,r0001,6,6.0,0.1,-0.0042,0.003,0.0056,0.007615773105863908
/home/thekaka/project/cytosim/ast/nuclear_propulsion_mechanism_mockups/01_quick_20s/09_push_filaments_fixed_binders/r0001,09_push_filaments_fixed_binders,r0001,7,7.0,0.11666666666666667,-0.003,-0.0033,0.0008,0.004531004303683677
/home/thekaka/project/cytosim/ast/nuclear_propulsion_mechanism_mockups/01_quick_20s/09_push_filaments_fixed_binders/r0001,09_push_filaments_fixed_binders,r0001,8,8.0,0.13333333333333333,-0.0047,-0.0029,0.0015,0.005722761571129798
/home/thekaka/project/cytosim/ast/nuclear_propulsion_mechanism_mockups/01_quick_20s/09_push_filaments_fixed_binders/r0001,09_push_filaments_fixed_binders,r0001,9,9.0,0.15,-0.0053,-0.0022,-0.0002,0.005741950887982237
/home/thekaka/project/cytosim/ast/nuclear_propulsion_mechanism_mockups/01_quick_20s/09_push_filaments_fixed_binders/r0001,09_push_filaments_fixed_binders,r0001,10,10.0,0.16666666666666666,-0.0098,-0.0031,-0.0007,0.010302426898551622
/home/thekaka/project/cytosim/ast/nuclear_propulsion_mechanism_mockups/01_quick_20s/09_push_filaments_fixed_binders/r0001,09_push_filaments_fixed_binders,r0001,11,11.0,0.18333333333333332,-0.0072,0.0022,-0.0148,0.016604818577750254
/home/thekaka/project/cytosim/ast/nuclear_propulsion_mechanism_mockups/01_quick_20s/09_push_filaments_fixed_binders/r0001,09_push_filaments_fixed_binders,r0001,12,12.0,0.2,-0.0053,-0.0044,-0.0169,0.018249931506720784
/home/thekaka/project/cytosim/ast/nuclear_propulsion_mechanism_mockups/01_quick_20s/09_push_filaments_fixed_binders/r0001,09_push_filaments_fixed_binders,r0001,13,13.0,0.21666666666666667,-0.0094,-0.003,-0.0155,0.018374166647769363
/home/thekaka/project/cytosim/ast/nuclear_propulsion_mechanism_mockups/01_quick_20s/09_push_filaments_fixed_binders/r0001,09_push_filaments_fixed_binders,r0001,14,14.0,0.23333333333333334,-0.0063,-0.0048,-0.0185,0.020124114887368337
/home/thekaka/project/cytosim/ast/nuclear_propulsion_mechanism_mockups/01_quick_20s/09_push_filaments_fixed_binders/r0001,09_push_filaments_fixed_binders,r0001,15,15.0,0.25,-0.0044,-0.0107,-0.021,0.023976029696344638
/home/thekaka/project/cytosim/ast/nuclear_propulsion_mechanism_mockups/01_quick_20s/09_push_filaments_fixed_binders/r0001,09_push_filaments_fixed_binders,r0001,16,16.0,0.26666666666666666,-0.0077,-0.0055,-0.0173,0.019718772781286364
/home/thekaka/project/cytosim/ast/nuclear_propulsion_mechanism_mockups/01_quick_20s/09_push_filaments_fixed_binders/r0001,09_push_filaments_fixed_binders,r0001,17,17.0,0.2833333333333333,-0.0056,-0.0054,-0.0131,0.015235813073151036
/home/thekaka/project/cytosim/ast/nuclear_propulsion_mechanism_mockups/01_quick_20s/09_push_filaments_fixed_binders/r0001,09_push_filaments_fixed_binders,r0001,18,18.0,0.3,-0.0101,-0.0086,-0.0121,0.017954943608934005
/home/thekaka/project/cytosim/ast/nuclear_propulsion_mechanism_mockups/01_quick_20s/09_push_filaments_fixed_binders/r0001,09_push_filaments_fixed_binders,r0001,19,19.0,0.31666666666666665,-0.0093,-0.0084,-0.0072,0.014453027364535085
/home/thekaka/project/cytosim/ast/nuclear_propulsion_mechanism_mockups/01_quick_20s/09_push_filaments_fixed_binders/r0001,09_push_filaments_fixed_binders,r0001,20,20.0,0.3333333333333333,-0.0098,-0.012,-0.0099,0.01838613608129778
/home/thekaka/project/cytosim/ast/nuclear_propulsion_mechanism_mockups/01_quick_20s/10_push_filaments_fixed_plus_motors/r0001,10_push_filaments_fixed_plus_motors,r0001,0,0.0,0.0,0.0,0.0,0.0,0.0
/home/thekaka/project/cytosim/ast/nuclear_propulsion_mechanism_mockups/01_quick_20s/10_push_filaments_fixed_plus_motors/r0001,10_push_filaments_fixed_plus_motors,r0001,1,1.0,0.016666666666666666,0.0041,0.0016,0.0036,0.0056859475903318
/home/thekaka/project/cytosim/ast/nuclear_propulsion_mechanism_mockups/01_quick_20s/10_push_filaments_fixed_plus_motors/r0001,10_push_filaments_fixed_plus_motors,r0001,2,2.0,0.03333333333333333,0.0039,0.0032,0.0001,0.005045790324617145
/home/thekaka/project/cytosim/ast/nuclear_propulsion_mechanism_mockups/01_quick_20s/10_push_filaments_fixed_plus_motors/r0001,10_push_filaments_fixed_plus_motors,r0001,3,3.0,0.05,0.0067,0.0061,0.0003,0.009065870063044143
/home/thekaka/project/cytosim/ast/nuclear_propulsion_mechanism_mockups/01_quick_20s/10_push_filaments_fixed_plus_motors/r0001,10_push_filaments_fixed_plus_motors,r0001,4,4.0,0.06666666666666667,0.0011,0.0081,0.0,0.008174350127074322
/home/thekaka/project/cytosim/ast/nuclear_propulsion_mechanism_mockups/01_quick_20s/10_push_filaments_fixed_plus_motors/r0001,10_push_filaments_fixed_plus_motors,r0001,5,5.0,0.08333333333333333,0.0028,0.0123,-0.0016,0.012715738279785409
/home/thekaka/project/cytosim/ast/nuclear_propulsion_mechanism_mockups/01_quick_20s/10_push_filaments_fixed_plus_motors/r0001,10_push_filaments_fixed_plus_motors,r0001,6,6.0,0.1,0.005,0.0118,0.0029,0.013139634698118515
/home/thekaka/project/cytosim/ast/nuclear_propulsion_mechanism_mockups/01_quick_20s/10_push_filaments_fixed_plus_motors/r0001,10_push_filaments_fixed_plus_motors,r0001,7,7.0,0.11666666666666667,0.0051,0.0059,0.004,0.008764701934464172
/home/thekaka/project/cytosim/ast/nuclear_propulsion_mechanism_mockups/01_quick_20s/10_push_filaments_fixed_plus_motors/r0001,10_push_filaments_fixed_plus_motors,r0001,8,8.0,0.13333333333333333,0.0051,0.0035,0.0042,0.0074766302570074975
/home/thekaka/project/cytosim/ast/nuclear_propulsion_mechanism_mockups/01_quick_20s/10_push_filaments_fixed_plus_motors/r0001,10_push_filaments_fixed_plus_motors,r0001,9,9.0,0.15,0.0116,-0.0034,0.005,0.013081284340614266
/home/thekaka/project/cytosim/ast/nuclear_propulsion_mechanism_mockups/01_quick_20s/10_push_filaments_fixed_plus_motors/r0001,10_push_filaments_fixed_plus_motors,r0001,10,10.0,0.16666666666666666,0.012,0.0018,0.0052,0.0132015150645674
/home/thekaka/project/cytosim/ast/nuclear_propulsion_mechanism_mockups/01_quick_20s/10_push_filaments_fixed_plus_motors/r0001,10_push_filaments_fixed_plus_motors,r0001,11,11.0,0.18333333333333332,0.0103,0.0037,-0.0007,0.01096676798332125
/home/thekaka/project/cytosim/ast/nuclear_propulsion_mechanism_mockups/01_quick_20s/10_push_filaments_fixed_plus_motors/r0001,10_push_filaments_fixed_plus_motors,r0001,12,12.0,0.2,0.0081,-0.001,0.0012,0.008249242389456136
/home/thekaka/project/cytosim/ast/nuclear_propulsion_mechanism_mockups/01_quick_20s/10_push_filaments_fixed_plus_motors/r0001,10_push_filaments_fixed_plus_motors,r0001,13,13.0,0.21666666666666667,0.0053,0.0054,-0.0045,0.008803408430829504
/home/thekaka/project/cytosim/ast/nuclear_propulsion_mechanism_mockups/01_quick_20s/10_push_filaments_fixed_plus_motors/r0001,10_push_filaments_fixed_plus_motors,r0001,14,14.0,0.23333333333333334,0.0101,0.002,-0.0051,0.01148999564838908
/home/thekaka/project/cytosim/ast/nuclear_propulsion_mechanism_mockups/01_quick_20s/10_push_filaments_fixed_plus_motors/r0001,10_push_filaments_fixed_plus_motors,r0001,15,15.0,0.25,0.0146,0.0037,-0.0032,0.015397727104998322
/home/thekaka/project/cytosim/ast/nuclear_propulsion_mechanism_mockups/01_quick_20s/10_push_filaments_fixed_plus_motors/r0001,10_push_filaments_fixed_plus_motors,r0001,16,16.0,0.26666666666666666,0.0175,0.0036,-0.005,0.018552897347853786
/home/thekaka/project/cytosim/ast/nuclear_propulsion_mechanism_mockups/01_quick_20s/10_push_filaments_fixed_plus_motors/r0001,10_push_filaments_fixed_plus_motors,r0001,17,17.0,0.2833333333333333,0.0215,0.003,-0.0052,0.022322410264126943
/home/thekaka/project/cytosim/ast/nuclear_propulsion_mechanism_mockups/01_quick_20s/10_push_filaments_fixed_plus_motors/r0001,10_push_filaments_fixed_plus_motors,r0001,18,18.0,0.3,0.025,0.0037,-0.0029,0.025438160310840095
/home/thekaka/project/cytosim/ast/nuclear_propulsion_mechanism_mockups/01_quick_20s/10_push_filaments_fixed_plus_motors/r0001,10_push_filaments_fixed_plus_motors,r0001,19,19.0,0.31666666666666665,0.0254,-0.001,-0.0012,0.02544798616786798
/home/thekaka/project/cytosim/ast/nuclear_propulsion_mechanism_mockups/01_quick_20s/10_push_filaments_fixed_plus_motors/r0001,10_push_filaments_fixed_plus_motors,r0001,20,20.0,0.3333333333333333,0.0233,-0.0076,-0.0041,0.024848742422907445
