scenario,condition,replicate,run_dir,frame,time_s,time_min,fiber_class,count,avg_len,var_len,min_len,max_len,total_len,off_len
full_height_aligned,fixed_global_xlink,1,r0001,0,0.0,0.0,actin,64,5.0,0.0,5.0,5.0,320.0,0.0
full_height_aligned,fixed_global_xlink,1,r0001,120,120.0,2.0,actin,64,14.714,0.149,14.149,15.039,941.7,20.8
full_height_aligned,fixed_global_xlink,1,r0001,180,180.0,3.0,actin,64,15.479,0.327,14.645,15.96,990.6,30.8
full_height_aligned,fixed_global_xlink,1,r0001,780,780.0,13.0,actin,64,15.807,4.748,13.09,18.304,1011.7,159.8
full_height_aligned,fixed_global_xlink,2,r0002,0,0.0,0.0,actin,64,5.0,0.0,5.0,5.0,320.0,0.0
full_height_aligned,fixed_global_xlink,2,r0002,120,120.0,2.0,actin,64,14.727,0.149,14.034,15.007,942.5,17.9
full_height_aligned,fixed_global_xlink,2,r0002,180,180.0,3.0,actin,64,15.489,0.324,14.403,15.917,991.3,27.4
full_height_aligned,fixed_global_xlink,2,r0002,780,780.0,13.0,actin,64,15.816,4.908,12.569,18.161,1012.2,150.0
full_height_aligned,fixed_global_xlink,3,r0003,0,0.0,0.0,actin,64,5.0,0.0,5.0,5.0,320.0,0.0
full_height_aligned,fixed_global_xlink,3,r0003,120,120.0,2.0,actin,64,14.694,0.145,14.153,15.069,940.4,24.0
full_height_aligned,fixed_global_xlink,3,r0003,180,180.0,3.0,actin,64,15.458,0.315,14.668,16.015,989.3,35.7
full_height_aligned,fixed_global_xlink,3,r0003,780,780.0,13.0,actin,64,15.81,3.967,13.352,18.48,1011.8,170.9
full_height_aligned,fixed_global_xlink,4,r0004,0,0.0,0.0,actin,64,4.999,0.0,4.958,5.0,320.0,0.0
full_height_aligned,fixed_global_xlink,4,r0004,120,120.0,2.0,actin,64,14.721,0.153,14.087,15.018,942.2,18.9
full_height_aligned,fixed_global_xlink,4,r0004,180,180.0,3.0,actin,64,15.474,0.317,14.55,15.941,990.3,29.8
full_height_aligned,fixed_global_xlink,4,r0004,780,780.0,13.0,actin,64,15.807,4.273,13.083,18.397,1011.7,165.7
full_height_aligned,fixed_global_xlink,5,r0005,0,0.0,0.0,actin,64,5.0,0.0,4.969,5.0,320.0,0.0
full_height_aligned,fixed_global_xlink,5,r0005,120,120.0,2.0,actin,64,14.716,0.138,14.162,15.04,941.8,20.7
full_height_aligned,fixed_global_xlink,5,r0005,180,180.0,3.0,actin,64,15.48,0.314,14.612,15.961,990.7,30.7
full_height_aligned,fixed_global_xlink,5,r0005,780,780.0,13.0,actin,64,15.808,4.211,13.235,18.323,1011.7,160.9
full_height_aligned,nomotor_xlink,1,r0006,0,0.0,0.0,actin,64,4.999,0.0,4.963,5.0,320.0,0.0
full_height_aligned,nomotor_xlink,1,r0006,120,120.0,2.0,actin,64,14.701,0.14,14.136,15.056,940.9,22.6
full_height_aligned,nomotor_xlink,1,r0006,180,180.0,3.0,actin,64,15.458,0.303,14.595,15.996,989.3,34.4
full_height_aligned,nomotor_xlink,1,r0006,780,780.0,13.0,actin,64,15.828,5.058,12.571,18.276,1013.0,156.7
full_height_aligned,nomotor_xlink,2,r0007,0,0.0,0.0,actin,64,5.0,0.0,4.994,5.0,320.0,0.0
full_height_aligned,nomotor_xlink,2,r0007,120,120.0,2.0,actin,64,14.717,0.146,14.151,15.034,941.9,20.3
full_height_aligned,nomotor_xlink,2,r0007,180,180.0,3.0,actin,64,15.482,0.322,14.676,15.953,990.9,30.2
full_height_aligned,nomotor_xlink,2,r0007,780,780.0,13.0,actin,64,15.829,5.313,12.649,18.14,1013.1,147.9
full_height_aligned,nomotor_xlink,3,r0008,0,0.0,0.0,actin,64,5.0,0.0,5.0,5.0,320.0,0.0
full_height_aligned,nomotor_xlink,3,r0008,120,120.0,2.0,actin,64,14.726,0.156,14.085,15.011,942.5,18.2
full_height_aligned,nomotor_xlink,3,r0008,180,180.0,3.0,actin,64,15.489,0.335,14.601,15.92,991.3,27.6
full_height_aligned,nomotor_xlink,3,r0008,780,780.0,13.0,actin,64,15.822,4.761,12.523,18.161,1012.6,149.7
full_height_aligned,nomotor_xlink,4,r0009,0,0.0,0.0,actin,64,5.0,0.0,5.0,5.0,320.0,0.0
full_height_aligned,nomotor_xlink,4,r0009,120,120.0,2.0,actin,64,14.725,0.151,14.019,15.017,942.4,18.7
full_height_aligned,nomotor_xlink,4,r0009,180,180.0,3.0,actin,64,15.482,0.327,14.445,15.932,990.9,28.8
full_height_aligned,nomotor_xlink,4,r0009,780,780.0,13.0,actin,64,15.837,5.178,12.322,18.057,1013.6,142.1
full_height_aligned,nomotor_xlink,5,r0010,0,0.0,0.0,actin,64,5.0,0.0,5.0,5.0,320.0,0.0
full_height_aligned,nomotor_xlink,5,r0010,120,120.0,2.0,actin,64,14.722,0.153,14.011,15.017,942.2,18.8
full_height_aligned,nomotor_xlink,5,r0010,180,180.0,3.0,actin,64,15.483,0.309,14.514,15.933,990.9,28.8
full_height_aligned,nomotor_xlink,5,r0010,780,780.0,13.0,actin,64,15.816,4.898,12.415,18.137,1012.2,148.6
full_height_aligned,rotatable_xlink,1,r0011,0,0.0,0.0,actin,64,5.0,0.0,5.0,5.0,320.0,0.0
full_height_aligned,rotatable_xlink,1,r0011,120,120.0,2.0,actin,64,14.732,0.147,13.997,15.005,942.9,17.5
full_height_aligned,rotatable_xlink,1,r0011,180,180.0,3.0,actin,64,15.502,0.323,14.418,15.905,992.1,25.8
full_height_aligned,rotatable_xlink,1,r0011,780,780.0,13.0,actin,64,15.826,3.702,12.757,18.164,1012.9,149.6
full_height_aligned,rotatable_xlink,2,r0012,0,0.0,0.0,actin,63,5.0,0.0,5.0,5.0,315.0,0.0
full_height_aligned,rotatable_xlink,2,r0012,120,120.0,2.0,actin,63,14.911,0.156,14.211,15.193,939.4,17.8
full_height_aligned,rotatable_xlink,2,r0012,180,180.0,3.0,actin,63,15.713,0.33,14.706,16.14,989.9,26.9
full_height_aligned,rotatable_xlink,2,r0012,780,780.0,13.0,actin,63,16.072,4.428,12.92,18.452,1012.5,149.9
full_height_aligned,rotatable_xlink,3,r0013,0,0.0,0.0,actin,64,5.0,0.0,5.0,5.0,320.0,0.0
full_height_aligned,rotatable_xlink,3,r0013,120,120.0,2.0,actin,64,14.729,0.159,13.929,15.002,942.7,17.5
full_height_aligned,rotatable_xlink,3,r0013,180,180.0,3.0,actin,64,15.487,0.35,14.356,15.912,991.2,27.2
full_height_aligned,rotatable_xlink,3,r0013,780,780.0,13.0,actin,64,15.835,4.786,12.443,18.224,1013.4,152.9
full_height_aligned,rotatable_xlink,4,r0014,0,0.0,0.0,actin,64,5.0,0.0,4.975,5.0,320.0,0.0
full_height_aligned,rotatable_xlink,4,r0014,120,120.0,2.0,actin,64,14.714,0.146,14.151,15.031,941.7,20.3
full_height_aligned,rotatable_xlink,4,r0014,180,180.0,3.0,actin,64,15.472,0.32,14.644,15.959,990.2,31.2
full_height_aligned,rotatable_xlink,4,r0014,780,780.0,13.0,actin,64,15.8,3.074,13.249,18.496,1011.2,172.5
full_height_aligned,rotatable_xlink,5,r0015,0,0.0,0.0,actin,64,5.0,0.0,5.0,5.0,320.0,0.0
full_height_aligned,rotatable_xlink,5,r0015,120,120.0,2.0,actin,64,14.708,0.142,14.141,15.049,941.3,21.8
full_height_aligned,rotatable_xlink,5,r0015,180,180.0,3.0,actin,64,15.471,0.309,14.642,15.979,990.1,32.5
full_height_aligned,rotatable_xlink,5,r0015,780,780.0,13.0,actin,64,15.793,3.75,13.357,18.468,1010.8,171.2
top_two_thirds_aligned,fixed_global_xlink,1,r0016,0,0.0,0.0,actin,64,5.0,0.0,5.0,5.0,320.0,0.0
top_two_thirds_aligned,fixed_global_xlink,1,r0016,120,120.0,2.0,actin,64,14.761,0.109,13.943,14.942,944.7,11.6
top_two_thirds_aligned,fixed_global_xlink,1,r0016,180,180.0,3.0,actin,64,15.509,0.266,14.313,15.824,992.6,20.1
top_two_thirds_aligned,fixed_global_xlink,1,r0016,780,780.0,13.0,actin,64,15.826,4.708,12.687,18.022,1012.8,140.6
top_two_thirds_aligned,fixed_global_xlink,2,r0017,0,0.0,0.0,actin,64,5.0,0.0,5.0,5.0,320.0,0.0
top_two_thirds_aligned,fixed_global_xlink,2,r0017,120,120.0,2.0,actin,64,14.764,0.116,13.898,14.937,944.9,11.0
top_two_thirds_aligned,fixed_global_xlink,2,r0017,180,180.0,3.0,actin,64,15.522,0.274,14.271,15.809,993.4,18.4
top_two_thirds_aligned,fixed_global_xlink,2,r0017,780,780.0,13.0,actin,64,15.809,4.097,12.517,17.978,1011.7,138.8
top_two_thirds_aligned,fixed_global_xlink,3,r0018,0,0.0,0.0,actin,64,5.0,0.0,5.0,5.0,320.0,0.0
top_two_thirds_aligned,fixed_global_xlink,3,r0018,120,120.0,2.0,actin,64,14.761,0.129,13.98,14.953,944.7,12.3
top_two_thirds_aligned,fixed_global_xlink,3,r0018,180,180.0,3.0,actin,64,15.517,0.28,14.427,15.831,993.1,20.1
top_two_thirds_aligned,fixed_global_xlink,3,r0018,780,780.0,13.0,actin,64,15.784,3.748,12.717,18.094,1010.2,147.8
top_two_thirds_aligned,fixed_global_xlink,4,r0019,0,0.0,0.0,actin,64,4.999,0.0,4.961,5.0,320.0,0.0
top_two_thirds_aligned,fixed_global_xlink,4,r0019,120,120.0,2.0,actin,64,14.769,0.129,13.858,14.945,945.2,11.2
top_two_thirds_aligned,fixed_global_xlink,4,r0019,180,180.0,3.0,actin,64,15.529,0.278,14.037,15.807,993.9,17.7
top_two_thirds_aligned,fixed_global_xlink,4,r0019,780,780.0,13.0,actin,64,15.818,4.196,12.417,18.023,1012.3,141.1
top_two_thirds_aligned,fixed_global_xlink,5,r0020,0,0.0,0.0,actin,64,5.0,0.0,5.0,5.0,320.0,0.0
top_two_thirds_aligned,fixed_global_xlink,5,r0020,120,120.0,2.0,actin,64,14.756,0.124,13.915,14.951,944.4,12.4
top_two_thirds_aligned,fixed_global_xlink,5,r0020,180,180.0,3.0,actin,64,15.504,0.279,14.306,15.836,992.2,21.2
top_two_thirds_aligned,fixed_global_xlink,5,r0020,780,780.0,13.0,actin,64,15.789,3.226,13.113,18.276,1010.5,159.2
top_two_thirds_aligned,nomotor_xlink,1,r0021,0,0.0,0.0,actin,64,5.0,0.0,5.0,5.0,320.0,0.0
top_two_thirds_aligned,nomotor_xlink,1,r0021,120,120.0,2.0,actin,64,14.736,0.138,14.036,14.986,943.1,16.0
top_two_thirds_aligned,nomotor_xlink,1,r0021,180,180.0,3.0,actin,64,15.495,0.302,14.407,15.888,991.7,25.1
top_two_thirds_aligned,nomotor_xlink,1,r0021,780,780.0,13.0,actin,64,15.847,5.281,12.39,18.025,1014.2,139.4
top_two_thirds_aligned,nomotor_xlink,2,r0022,0,0.0,0.0,actin,64,4.999,0.0,4.95,5.0,319.9,0.0
top_two_thirds_aligned,nomotor_xlink,2,r0022,120,120.0,2.0,actin,64,14.754,0.134,13.925,14.959,944.3,13.1
top_two_thirds_aligned,nomotor_xlink,2,r0022,180,180.0,3.0,actin,64,15.505,0.284,14.377,15.845,992.3,21.7
top_two_thirds_aligned,nomotor_xlink,2,r0022,780,780.0,13.0,actin,64,15.838,4.916,12.15,17.977,1013.7,136.9
top_two_thirds_aligned,nomotor_xlink,3,r0023,0,0.0,0.0,actin,64,5.0,0.0,5.0,5.0,320.0,0.0
top_two_thirds_aligned,nomotor_xlink,3,r0023,120,120.0,2.0,actin,64,14.767,0.11,13.971,14.939,945.1,11.0
top_two_thirds_aligned,nomotor_xlink,3,r0023,180,180.0,3.0,actin,64,15.507,0.258,14.365,15.816,992.4,19.8
top_two_thirds_aligned,nomotor_xlink,3,r0023,780,780.0,13.0,actin,64,15.839,4.634,12.008,17.934,1013.7,134.1
top_two_thirds_aligned,nomotor_xlink,4,r0024,0,0.0,0.0,actin,64,5.0,0.0,5.0,5.0,320.0,0.0
top_two_thirds_aligned,nomotor_xlink,4,r0024,120,120.0,2.0,actin,64,14.773,0.103,13.965,14.93,945.5,10.1
top_two_thirds_aligned,nomotor_xlink,4,r0024,180,180.0,3.0,actin,64,15.517,0.232,14.377,15.798,993.1,18.0
top_two_thirds_aligned,nomotor_xlink,4,r0024,780,780.0,13.0,actin,64,15.842,4.442,12.379,17.909,1013.9,132.3
top_two_thirds_aligned,nomotor_xlink,5,r0025,0,0.0,0.0,actin,64,5.0,0.0,5.0,5.0,320.0,0.0
top_two_thirds_aligned,nomotor_xlink,5,r0025,120,120.0,2.0,actin,64,14.77,0.125,13.882,14.943,945.3,11.1
top_two_thirds_aligned,nomotor_xlink,5,r0025,180,180.0,3.0,actin,64,15.525,0.263,14.192,15.808,993.6,18.1
top_two_thirds_aligned,nomotor_xlink,5,r0025,780,780.0,13.0,actin,64,15.813,4.247,11.659,17.935,1012.0,135.8
top_two_thirds_aligned,rotatable_xlink,1,r0026,0,0.0,0.0,actin,64,5.0,0.0,4.973,5.0,320.0,0.0
top_two_thirds_aligned,rotatable_xlink,1,r0026,120,120.0,2.0,actin,64,14.773,0.102,13.811,14.926,945.5,9.8
top_two_thirds_aligned,rotatable_xlink,1,r0026,180,180.0,3.0,actin,64,15.523,0.236,14.202,15.791,993.5,17.2
top_two_thirds_aligned,rotatable_xlink,1,r0026,780,780.0,13.0,actin,64,15.813,3.46,12.517,17.953,1012.0,137.0
top_two_thirds_aligned,rotatable_xlink,2,r0027,0,0.0,0.0,actin,64,5.0,0.0,5.0,5.0,320.0,0.0
top_two_thirds_aligned,rotatable_xlink,2,r0027,120,120.0,2.0,actin,64,14.773,0.093,13.834,14.923,945.4,9.6
top_two_thirds_aligned,rotatable_xlink,2,r0027,180,180.0,3.0,actin,64,15.512,0.216,14.217,15.793,992.8,18.0
top_two_thirds_aligned,rotatable_xlink,2,r0027,780,780.0,13.0,actin,64,15.798,3.278,13.028,18.149,1011.1,150.5
top_two_thirds_aligned,rotatable_xlink,3,r0028,0,0.0,0.0,actin,64,5.0,0.0,5.0,5.0,320.0,0.0
top_two_thirds_aligned,rotatable_xlink,3,r0028,120,120.0,2.0,actin,64,14.77,0.123,13.849,14.944,945.3,11.1
top_two_thirds_aligned,rotatable_xlink,3,r0028,180,180.0,3.0,actin,64,15.524,0.271,14.13,15.812,993.5,18.4
top_two_thirds_aligned,rotatable_xlink,3,r0028,780,780.0,13.0,actin,64,15.801,3.047,12.4,18.272,1011.3,158.1
top_two_thirds_aligned,rotatable_xlink,4,r0029,0,0.0,0.0,actin,64,5.0,0.0,4.999,5.0,320.0,0.0
top_two_thirds_aligned,rotatable_xlink,4,r0029,120,120.0,2.0,actin,64,14.766,0.119,14.023,14.946,945.0,11.5
top_two_thirds_aligned,rotatable_xlink,4,r0029,180,180.0,3.0,actin,64,15.512,0.265,14.424,15.821,992.8,19.7
top_two_thirds_aligned,rotatable_xlink,4,r0029,780,780.0,13.0,actin,64,15.812,2.883,13.047,18.181,1012.0,151.6
top_two_thirds_aligned,rotatable_xlink,5,r0030,0,0.0,0.0,actin,64,5.0,0.0,5.0,5.0,320.0,0.0
top_two_thirds_aligned,rotatable_xlink,5,r0030,120,120.0,2.0,actin,64,14.759,0.125,13.852,14.96,944.6,12.9
top_two_thirds_aligned,rotatable_xlink,5,r0030,180,180.0,3.0,actin,64,15.52,0.278,14.239,15.833,993.3,20.0
top_two_thirds_aligned,rotatable_xlink,5,r0030,780,780.0,13.0,actin,64,15.825,3.123,12.78,18.088,1012.8,144.8
top_two_thirds_mixed_polarity,fixed_global_xlink,1,r0031,0,0.0,0.0,actin,64,4.999,0.0,4.951,5.0,319.9,0.0
top_two_thirds_mixed_polarity,fixed_global_xlink,1,r0031,120,120.0,2.0,actin,64,14.815,0.043,13.756,14.871,948.1,3.5
top_two_thirds_mixed_polarity,fixed_global_xlink,1,r0031,180,180.0,3.0,actin,64,15.591,0.102,13.967,15.677,997.8,5.4
top_two_thirds_mixed_polarity,fixed_global_xlink,1,r0031,780,780.0,13.0,actin,64,15.953,1.766,10.09,16.489,1021.0,34.2
top_two_thirds_mixed_polarity,fixed_global_xlink,2,r0032,0,0.0,0.0,actin,64,5.0,0.0,5.0,5.0,320.0,0.0
top_two_thirds_mixed_polarity,fixed_global_xlink,2,r0032,120,120.0,2.0,actin,64,14.824,0.03,13.897,14.865,948.7,2.6
top_two_thirds_mixed_polarity,fixed_global_xlink,2,r0032,180,180.0,3.0,actin,64,15.594,0.073,14.207,15.663,998.0,4.4
top_two_thirds_mixed_polarity,fixed_global_xlink,2,r0032,780,780.0,13.0,actin,64,15.946,1.926,10.547,16.574,1020.5,40.2
top_two_thirds_mixed_polarity,fixed_global_xlink,3,r0033,0,0.0,0.0,actin,64,4.999,0.0,4.96,5.0,320.0,0.0
top_two_thirds_mixed_polarity,fixed_global_xlink,3,r0033,120,120.0,2.0,actin,64,14.79,0.108,13.781,14.918,946.5,8.2
top_two_thirds_mixed_polarity,fixed_global_xlink,3,r0033,180,180.0,3.0,actin,64,15.564,0.215,14.055,15.752,996.1,12.0
top_two_thirds_mixed_polarity,fixed_global_xlink,3,r0033,780,780.0,13.0,actin,64,15.919,3.099,10.706,16.903,1018.8,62.9
top_two_thirds_mixed_polarity,fixed_global_xlink,4,r0034,0,0.0,0.0,actin,64,5.0,0.0,5.0,5.0,320.0,0.0
top_two_thirds_mixed_polarity,fixed_global_xlink,4,r0034,120,120.0,2.0,actin,64,14.821,0.045,13.815,14.873,948.6,3.3
top_two_thirds_mixed_polarity,fixed_global_xlink,4,r0034,180,180.0,3.0,actin,64,15.6,0.085,14.126,15.67,998.4,4.5
top_two_thirds_mixed_polarity,fixed_global_xlink,4,r0034,780,780.0,13.0,actin,64,15.941,1.994,10.265,16.572,1020.3,40.4
top_two_thirds_mixed_polarity,fixed_global_xlink,5,r0035,0,0.0,0.0,actin,64,5.0,0.0,5.0,5.0,320.0,0.0
top_two_thirds_mixed_polarity,fixed_global_xlink,5,r0035,120,120.0,2.0,actin,64,14.815,0.05,13.785,14.88,948.2,4.2
top_two_thirds_mixed_polarity,fixed_global_xlink,5,r0035,180,180.0,3.0,actin,64,15.589,0.104,14.136,15.687,997.7,6.3
top_two_thirds_mixed_polarity,fixed_global_xlink,5,r0035,780,780.0,13.0,actin,64,15.928,2.001,10.597,16.58,1019.4,41.7
top_two_thirds_mixed_polarity,nomotor_xlink,1,r0036,0,0.0,0.0,actin,64,5.0,0.0,4.976,5.0,320.0,0.0
top_two_thirds_mixed_polarity,nomotor_xlink,1,r0036,120,120.0,2.0,actin,64,14.815,0.053,13.845,14.88,948.2,4.2
top_two_thirds_mixed_polarity,nomotor_xlink,1,r0036,180,180.0,3.0,actin,64,15.591,0.117,14.11,15.685,997.8,6.0
top_two_thirds_mixed_polarity,nomotor_xlink,1,r0036,780,780.0,13.0,actin,64,15.964,1.495,9.581,16.397,1021.7,27.7
top_two_thirds_mixed_polarity,nomotor_xlink,2,r0037,0,0.0,0.0,actin,64,5.0,0.0,5.0,5.0,320.0,0.0
top_two_thirds_mixed_polarity,nomotor_xlink,2,r0037,120,120.0,2.0,actin,64,14.817,0.057,13.819,14.88,948.3,4.0
top_two_thirds_mixed_polarity,nomotor_xlink,2,r0037,180,180.0,3.0,actin,64,15.589,0.122,14.083,15.684,997.7,6.1
top_two_thirds_mixed_polarity,nomotor_xlink,2,r0037,780,780.0,13.0,actin,64,15.988,0.669,12.212,16.227,1023.2,15.3
top_two_thirds_mixed_polarity,nomotor_xlink,3,r0038,0,0.0,0.0,actin,64,5.0,0.0,5.0,5.0,320.0,0.0
top_two_thirds_mixed_polarity,nomotor_xlink,3,r0038,120,120.0,2.0,actin,64,14.812,0.048,13.809,14.876,948.0,4.1
top_two_thirds_mixed_polarity,nomotor_xlink,3,r0038,180,180.0,3.0,actin,64,15.58,0.119,14.057,15.691,997.1,7.1
top_two_thirds_mixed_polarity,nomotor_xlink,3,r0038,780,780.0,13.0,actin,64,15.935,1.697,9.707,16.455,1019.8,33.3
top_two_thirds_mixed_polarity,nomotor_xlink,4,r0039,0,0.0,0.0,actin,64,5.0,0.0,5.0,5.0,320.0,0.0
top_two_thirds_mixed_polarity,nomotor_xlink,4,r0039,120,120.0,2.0,actin,64,14.806,0.066,13.792,14.889,947.6,5.3
top_two_thirds_mixed_polarity,nomotor_xlink,4,r0039,180,180.0,3.0,actin,64,15.574,0.154,14.061,15.707,996.8,8.5
top_two_thirds_mixed_polarity,nomotor_xlink,4,r0039,780,780.0,13.0,actin,64,15.962,1.734,10.745,16.552,1021.5,37.8
top_two_thirds_mixed_polarity,nomotor_xlink,5,r0040,0,0.0,0.0,actin,64,5.0,0.0,5.0,5.0,320.0,0.0
top_two_thirds_mixed_polarity,nomotor_xlink,5,r0040,120,120.0,2.0,actin,64,14.815,0.06,13.828,14.878,948.2,4.0
top_two_thirds_mixed_polarity,nomotor_xlink,5,r0040,180,180.0,3.0,actin,64,15.589,0.125,14.117,15.685,997.7,6.1
top_two_thirds_mixed_polarity,nomotor_xlink,5,r0040,780,780.0,13.0,actin,64,15.968,1.768,8.965,16.41,1021.9,28.3
top_two_thirds_mixed_polarity,rotatable_xlink,1,r0041,0,0.0,0.0,actin,64,5.0,0.0,5.0,5.0,320.0,0.0
top_two_thirds_mixed_polarity,rotatable_xlink,1,r0041,120,120.0,2.0,actin,64,14.804,0.077,13.708,14.895,947.4,5.8
top_two_thirds_mixed_polarity,rotatable_xlink,1,r0041,180,180.0,3.0,actin,64,15.566,0.176,13.958,15.719,996.2,9.8
top_two_thirds_mixed_polarity,rotatable_xlink,1,r0041,780,780.0,13.0,actin,64,15.922,3.301,9.959,16.844,1019.0,59.0
top_two_thirds_mixed_polarity,rotatable_xlink,2,r0042,0,0.0,0.0,actin,64,5.0,0.0,5.0,5.0,320.0,0.0
top_two_thirds_mixed_polarity,rotatable_xlink,2,r0042,120,120.0,2.0,actin,64,14.826,0.032,13.841,14.864,948.9,2.4
top_two_thirds_mixed_polarity,rotatable_xlink,2,r0042,180,180.0,3.0,actin,64,15.6,0.069,14.027,15.657,998.4,3.6
top_two_thirds_mixed_polarity,rotatable_xlink,2,r0042,780,780.0,13.0,actin,64,15.91,1.759,12.139,16.773,1018.3,55.2
top_two_thirds_mixed_polarity,rotatable_xlink,3,r0043,0,0.0,0.0,actin,64,5.0,0.0,5.0,5.0,320.0,0.0
top_two_thirds_mixed_polarity,rotatable_xlink,3,r0043,120,120.0,2.0,actin,64,14.81,0.071,13.677,14.886,947.8,4.9
top_two_thirds_mixed_polarity,rotatable_xlink,3,r0043,180,180.0,3.0,actin,64,15.581,0.162,13.953,15.698,997.2,7.5
top_two_thirds_mixed_polarity,rotatable_xlink,3,r0043,780,780.0,13.0,actin,64,15.932,1.978,11.214,16.624,1019.7,44.3
top_two_thirds_mixed_polarity,rotatable_xlink,4,r0044,0,0.0,0.0,actin,64,5.0,0.0,5.0,5.0,320.0,0.0
top_two_thirds_mixed_polarity,rotatable_xlink,4,r0044,120,120.0,2.0,actin,64,14.826,0.035,13.788,14.866,948.9,2.6
top_two_thirds_mixed_polarity,rotatable_xlink,4,r0044,180,180.0,3.0,actin,64,15.603,0.061,14.268,15.658,998.6,3.5
top_two_thirds_mixed_polarity,rotatable_xlink,4,r0044,780,780.0,13.0,actin,64,15.963,1.079,11.987,16.358,1021.6,25.3
top_two_thirds_mixed_polarity,rotatable_xlink,5,r0045,0,0.0,0.0,actin,64,5.0,0.0,5.0,5.0,320.0,0.0
top_two_thirds_mixed_polarity,rotatable_xlink,5,r0045,120,120.0,2.0,actin,64,14.82,0.035,13.873,14.873,948.5,3.4
top_two_thirds_mixed_polarity,rotatable_xlink,5,r0045,180,180.0,3.0,actin,64,15.591,0.087,14.146,15.675,997.8,5.4
top_two_thirds_mixed_polarity,rotatable_xlink,5,r0045,780,780.0,13.0,actin,64,15.956,0.716,11.313,16.286,1021.2,21.2
