scenario,scenario_label,scenario_short,condition,condition_label,condition_short,motor_mode,include_xlinks,n_clusters,motors_per_cluster,total_motors,run_dir,run_path,growth_end_min,motor_onset_min,threshold_vz_abs,threshold_vz_abs_matched,mean_vz_abs,mean_vz_signed,peak_vz_abs,time_to_peak_min,auc_vz_abs,excess_auc_vz_abs,directionality_index,active_transport_fraction,matched_active_transport_fraction,longest_active_streak_min,onset_time_after_motor_min,net_z_displacement,abs_net_z_displacement,mass_normalized_auc,mass_retention,mean_swirl_rate_abs,swirl_penalty,seed_zone_mass_fraction_motor_onset,seed_zone_mass_fraction_final,seed_zone_retention,seed_zone_mass_fraction_mean,chewer_band_mass_fraction_motor_onset,chewer_band_mass_fraction_final,chewer_band_mass_fraction_gain,chewer_band_mass_fraction_mean,bottom_half_mass_fraction_motor_onset,bottom_half_mass_fraction_final,bottom_half_mass_fraction_gain,bottom_half_mass_fraction_mean,axial_spread_entropy_motor_onset,axial_spread_entropy_final,axial_spread_entropy_gain,axial_spread_entropy_mean,speckle_length_proxy_motor_onset_um,speckle_length_proxy_final_um,top_bias_final,nematic_xy_final,zmin,zmax,scenario_z_low,scenario_z_high,chewer_zone_bottom,chewer_zone_top
full_height_aligned,"Full height, aligned","Full height
aligned",fixed_global_xlink,"Fixed global, + xlinks","Fixed global
+ xlinks",fixed_global,1,15,12,180,r0001,/home/thekaka/project/cytosim/turnover_mini_minus_chew/job00/save/r0001,2.0,3.0,0.013220957538261467,0.01437023043571397,0.008715142112402745,-0.002897902760331878,0.046388582677165724,0.6499999999999999,5.232252694469312,0.9940504575366591,0.33400382268221346,0.1896838602329451,0.15973377703826955,0.33333333333333215,0.1499999999999999,-1.7475924011920616,1.7475924011920616,0.005201046415973472,1.0119284294234592,0.026884640387003562,3.0848195061263923,1.0000000000000007,0.9999999999999997,0.999999999999999,1.0,0.10337972166998013,0.15520628683693513,0.051826565166954996,0.152807230537983,0.2743538767395627,0.39489194499017677,0.12053806825061408,0.38349763488349214,0.9163544193302883,0.9643960639283243,0.04804164459803606,0.9597633310492129,1006.0,1018.0,0.35064935064935066,0.06874410674284723,-10.0,10.0,-10.0,10.0,-10.0,-4.0
full_height_aligned,"Full height, aligned","Full height
aligned",fixed_global_xlink,"Fixed global, + xlinks","Fixed global
+ xlinks",fixed_global,1,15,12,180,r0002,/home/thekaka/project/cytosim/turnover_mini_minus_chew/job00/save/r0002,2.0,3.0,0.013220957538261467,0.01437023043571397,0.008463036548575553,-0.004023793205466475,0.06113659695817497,2.4833333333333334,5.082518151676167,0.9185932757176425,0.4703700840061212,0.19800332778702162,0.16638935108153077,0.18333333333333268,0.21666666666666679,-2.3906644899665546,2.3906644899665546,0.004887036684304007,1.0173076923076922,0.004767058132883105,0.5632798707085186,1.0,0.9999999999999997,0.9999999999999997,1.0,0.0903846153846154,0.17580340264650285,0.08541878726188745,0.1468308094073029,0.2115384615384616,0.4007561436672969,0.1892176821288353,0.33056938117711654,0.8939801675969945,0.9586809524262906,0.06470078482929609,0.9497922708372334,1040.0,1058.0,0.310126582278481,0.08611392588410949,-10.0,10.0,-10.0,10.0,-10.0,-4.0
full_height_aligned,"Full height, aligned","Full height
aligned",fixed_global_xlink,"Fixed global, + xlinks","Fixed global
+ xlinks",fixed_global,1,15,12,180,r0003,/home/thekaka/project/cytosim/turnover_mini_minus_chew/job00/save/r0003,2.0,3.0,0.013220957538261467,0.01437023043571397,0.01020284017378401,-0.00290337122357225,0.0896059469530126,0.08333333333333348,6.129339862784214,1.7554656383146883,0.2826029072813911,0.23460898502495842,0.2113144758735441,0.2166666666666659,0.04999999999999982,-1.7321692649385416,1.7321692649385416,0.006153955685526319,0.9939759036144579,0.007227991643332613,0.7084293706672766,1.0000000000000002,0.9999999999999997,0.9999999999999994,1.0000000000000002,0.1267605633802817,0.19191919191919193,0.06515862853891025,0.19779722778226091,0.2917505030181087,0.37979797979797975,0.08804747677987107,0.3881619255147513,0.9178371945712938,0.9657439252259938,0.04790673065470008,0.9659572911246754,996.0,990.0,0.26282051282051283,0.03998388877975354,-10.0,10.0,-10.0,10.0,-10.0,-4.0
full_height_aligned,"Full height, aligned","Full height
aligned",fixed_global_xlink,"Fixed global, + xlinks","Fixed global
+ xlinks",fixed_global,1,15,12,180,r0004,/home/thekaka/project/cytosim/turnover_mini_minus_chew/job00/save/r0004,2.0,3.0,0.013220957538261467,0.01437023043571397,0.010876989910925623,-0.004865092402826047,0.14812110894941655,0.3500000000000001,6.534983828370226,2.3187617246356833,0.4474005686240293,0.21963394342762063,0.19966722129783693,0.34999999999999876,0.20000000000000018,-2.9237554807616752,2.9237554807616752,0.006394309029716464,1.0234833659491194,0.01050699378125284,0.965983591719513,1.0,1.0,1.0,1.0,0.08414872798434443,0.20841300191204587,0.12426427392770144,0.15984305185217706,0.2524461839530333,0.49139579349904405,0.23894960954601074,0.3968638157755108,0.9090863251061532,0.9682088399957618,0.059122514889608624,0.9585196143650151,1022.0,1046.0,0.18471337579617833,0.010002050935366534,-10.0,10.0,-10.0,10.0,-10.0,-4.0
full_height_aligned,"Full height, aligned","Full height
aligned",fixed_global_xlink,"Fixed global, + xlinks","Fixed global
+ xlinks",fixed_global,1,15,12,180,r0005,/home/thekaka/project/cytosim/turnover_mini_minus_chew/job00/save/r0005,2.0,3.0,0.013220957538261467,0.01437023043571397,0.009140727737873102,-0.004271925668221367,0.0688325203252036,0.9333333333333336,5.4695924492206665,1.2763747599986681,0.46309275899828695,0.21797004991680533,0.1913477537437604,0.1999999999999993,0.10000000000000009,-2.532928657905796,2.532928657905796,0.005569849744623896,1.0264765784114054,0.010059396348504047,1.1005027867556532,0.9999999999999998,0.9999999999999998,1.0,1.0,0.10183299389002035,0.2350597609561753,0.13322676706615497,0.20307657245773253,0.2871690427698574,0.4203187250996015,0.1331496823297441,0.4029013821588128,0.9317281622225286,0.9777753754919402,0.046047213269411524,0.9657830974372246,982.0,1008.0,0.14375,0.044285761586333364,-10.0,10.0,-10.0,10.0,-10.0,-4.0
full_height_aligned,"Full height, aligned","Full height
aligned",nomotor_xlink,"No motors, + xlinks","No motors
+ xlinks",none,1,0,0,0,r0006,/home/thekaka/project/cytosim/turnover_mini_minus_chew/job00/save/r0006,2.0,3.0,0.013220957538261467,0.01437023043571397,0.005654983399985271,0.00014365780276232097,0.033305201939401785,4.483333333333333,3.3937927887091432,0.11776382070795507,0.031727129361704944,0.04991680532445923,0.04492512479201331,0.033333333333333215,nan,0.10767530283419635,0.10767530283419635,0.0034915563669847154,1.0205761316872428,0.008999720091206918,1.5914671104481684,1.0,1.0,1.0,1.0,0.08436213991769548,0.07676767676767678,-0.0075944631500187015,0.07223576571997033,0.2736625514403292,0.2646464646464647,-0.009016086793864508,0.2603484050086177,0.9269526242981266,0.9192386803558064,-0.007713943942320278,0.9236091960875431,972.0,992.0,0.5379746835443038,0.0607128076130952,-10.0,10.0,-10.0,10.0,-10.0,-4.0
full_height_aligned,"Full height, aligned","Full height
aligned",nomotor_xlink,"No motors, + xlinks","No motors
+ xlinks",none,1,0,0,0,r0007,/home/thekaka/project/cytosim/turnover_mini_minus_chew/job00/save/r0007,2.0,3.0,0.013220957538261467,0.01437023043571397,0.006060995942005222,-0.0015184041772785704,0.024350578034682213,0.4500000000000002,3.6380595582062654,0.12472337040260358,0.24802546464947803,0.08485856905158069,0.06156405990016639,0.08333333333333304,1.2000000000000002,-0.9023314123465838,0.9023314123465838,0.003532096658452685,1.029126213592233,0.005466930065388457,0.9019854356773874,0.9999999999999998,1.0000000000000004,1.0000000000000007,1.0,0.09902912621359221,0.12830188679245283,0.02927276057886062,0.11324020667203391,0.2679611650485436,0.34150943396226413,0.07354826891372052,0.3056737810763526,0.9286844535209716,0.9549146722747891,0.02623021875381748,0.9409593831718929,1030.0,1060.0,0.48125,0.12867710756476528,-10.0,10.0,-10.0,10.0,-10.0,-4.0
full_height_aligned,"Full height, aligned","Full height
aligned",nomotor_xlink,"No motors, + xlinks","No motors
+ xlinks",none,1,0,0,0,r0008,/home/thekaka/project/cytosim/turnover_mini_minus_chew/job00/save/r0008,2.0,3.0,0.013220957538261467,0.01437023043571397,0.005457791930473319,-0.0009713891507108873,0.02781602594265631,2.5999999999999996,3.2766530531533307,0.077284974793378,0.17454746243841535,0.05823627287853577,0.04326123128119801,0.033333333333333215,nan,-0.5719314757189999,0.5719314757189999,0.003244210943716169,0.998019801980198,0.018246087015362615,3.3431261667353906,1.0000000000000007,1.0,0.9999999999999993,1.0000000000000002,0.07920792079207921,0.10317460317460317,0.02396668238252396,0.0929045459960583,0.2237623762376238,0.3035714285714286,0.07980905233380481,0.27625441398612915,0.9113592940429853,0.9173564201763253,0.005997126133340025,0.9219551069888099,1010.0,1008.0,0.6,0.05166504419937945,-10.0,10.0,-10.0,10.0,-10.0,-4.0
full_height_aligned,"Full height, aligned","Full height
aligned",nomotor_xlink,"No motors, + xlinks","No motors
+ xlinks",none,1,0,0,0,r0009,/home/thekaka/project/cytosim/turnover_mini_minus_chew/job00/save/r0009,2.0,3.0,0.013220957538261467,0.01437023043571397,0.005923048059721524,-0.00017682516808510598,0.02669539144270483,4.733333333333333,3.551760387109168,0.10825640666675024,0.03368514289045385,0.05490848585690516,0.048252911813643926,0.033333333333333215,nan,-0.119641556152426,0.119641556152426,0.003509644651293644,1.023715415019763,0.011757014938645432,1.984960246835849,1.0000000000000007,1.0,0.9999999999999993,1.0,0.09900990099009903,0.09266409266409266,-0.006345808326006369,0.09684915531855498,0.2693069306930694,0.2915057915057916,0.02219886081272221,0.2828060383534488,0.9272742249505702,0.931881843467575,0.004607618517004752,0.9251557364858995,1012.0,1036.0,0.6011904761904762,0.10017293422957367,-10.0,10.0,-10.0,10.0,-10.0,-4.0
full_height_aligned,"Full height, aligned","Full height
aligned",nomotor_xlink,"No motors, + xlinks","No motors
+ xlinks",none,1,0,0,0,r0010,/home/thekaka/project/cytosim/turnover_mini_minus_chew/job00/save/r0010,2.0,3.0,0.013220957538261467,0.01437023043571397,0.0058135650472922774,-0.001070404650701771,0.03599443271571201,0.06666666666666687,3.4861534992743106,0.17775640519307961,0.18321226320100006,0.06821963394342762,0.05324459234608985,0.04999999999999982,1.25,-0.6387060724681324,0.6387060724681324,0.0035428389220267384,0.9878048780487805,0.01127783307749749,1.9399168987969349,0.9999999999999997,1.0,1.0000000000000004,1.0,0.0934959349593496,0.12345679012345681,0.02996085516410721,0.11305751821403365,0.29065040650406504,0.3045267489711934,0.013876342467128377,0.2969918257805868,0.9097901229468235,0.9400202854384208,0.030230162491597268,0.9271140231557616,984.0,972.0,0.5305466237942122,0.1318751976933303,-10.0,10.0,-10.0,10.0,-10.0,-4.0
full_height_aligned,"Full height, aligned","Full height
aligned",rotatable_xlink,"Rotatable, + xlinks","Rotatable
+ xlinks",rotatable,1,15,12,180,r0011,/home/thekaka/project/cytosim/turnover_mini_minus_chew/job00/save/r0011,2.0,3.0,0.013220957538261467,0.01437023043571397,0.01660477020423398,-0.006648750421743109,0.10610189753320687,0.16666666666666652,9.966166188960496,4.27550992082042,0.40332430286382204,0.4475873544093178,0.4259567387687188,0.2666666666666657,0.033333333333333215,-4.019597030387486,4.019597030387486,0.009527883545851335,1.0152963671128108,0.010911549208564077,0.6571334065063898,1.0,0.9999999999999997,0.9999999999999997,1.0,0.07839388145315491,0.1167608286252354,0.03836694717208049,0.1793123681657556,0.23900573613766735,0.5480225988700566,0.3090168627323892,0.5298994294956658,0.9157013570938372,0.9080781342250562,-0.007623222868780921,0.9329042263070689,1046.0,1062.0,-0.16666666666666666,0.3236052341890836,-10.0,10.0,-10.0,10.0,-10.0,-4.0
full_height_aligned,"Full height, aligned","Full height
aligned",rotatable_xlink,"Rotatable, + xlinks","Rotatable
+ xlinks",rotatable,1,15,12,180,r0012,/home/thekaka/project/cytosim/turnover_mini_minus_chew/job00/save/r0012,2.0,3.0,0.013220957538261467,0.01437023043571397,0.014623248621106075,-0.007250802095800922,0.09110762711864417,0.4500000000000002,8.778999359098112,3.4329207908959742,0.4965909096384353,0.3860232945091514,0.3577371048252912,0.4999999999999982,0.10000000000000009,-4.3595712774497715,4.3595712774497715,0.008425143338865751,1.0095969289827256,0.0236627116116285,1.6181569653049295,0.9999999999999997,0.9999999999999991,0.9999999999999994,1.0,0.09213051823416507,0.2819047619047619,0.1897742436705968,0.19933791805592083,0.24568138195777353,0.5885714285714285,0.34289004661365496,0.482882407921542,0.8858260952263076,0.9614220709902768,0.07559597576396915,0.9562653140111439,1042.0,1052.0,-0.10032362459546926,0.06139013454279316,-10.0,10.0,-10.0,10.0,-10.0,-4.0
full_height_aligned,"Full height, aligned","Full height
aligned",rotatable_xlink,"Rotatable, + xlinks","Rotatable
+ xlinks",rotatable,1,15,12,180,r0013,/home/thekaka/project/cytosim/turnover_mini_minus_chew/job00/save/r0013,2.0,3.0,0.013220957538261467,0.01437023043571397,0.016765540102937876,-0.006308064922161986,0.10093549842378824,0.8333333333333335,10.066331290646662,4.148631768591473,0.3784825726495799,0.4509151414309484,0.4226289517470882,0.466666666666665,0.08333333333333348,-3.809930964026915,3.809930964026915,0.010485761761090274,1.00625,0.01905929227046472,1.1368134968180894,0.9999999999999998,0.9999999999999998,1.0,1.0,0.075,0.17184265010351968,0.09684265010351968,0.1839400564684066,0.21041666666666664,0.5631469979296065,0.3527303312629399,0.5010204841830701,0.8867097736689847,0.9472790666894801,0.06056929302049541,0.9466436254989753,960.0,966.0,0.11462450592885376,0.14334864663745095,-10.0,10.0,-10.0,10.0,-10.0,-4.0
full_height_aligned,"Full height, aligned","Full height
aligned",rotatable_xlink,"Rotatable, + xlinks","Rotatable
+ xlinks",rotatable,1,15,12,180,r0014,/home/thekaka/project/cytosim/turnover_mini_minus_chew/job00/save/r0014,2.0,3.0,0.013220957538261467,0.01437023043571397,0.01468416177269819,-0.009422834840424757,0.09046624015748034,1.4500000000000002,8.81756202741022,3.685423056485936,0.642559246344542,0.3410981697171381,0.3178036605657238,0.2666666666666657,0.16666666666666652,-5.6658060109289625,5.6658060109289625,0.008799962103203813,0.9740518962075848,0.008162587870900455,0.5558770052558876,0.9999999999999998,0.9999999999999997,0.9999999999999999,1.0,0.13600000000000004,0.5204918032786885,0.3844918032786885,0.34929303817383256,0.30600000000000016,0.7418032786885245,0.4358032786885243,0.5715948388496719,0.9475278093883552,0.9394255979717736,-0.008102211416581628,0.9593812595337384,1002.0,976.0,-0.5537190082644629,0.08969121181251066,-10.0,10.0,-10.0,10.0,-10.0,-4.0
full_height_aligned,"Full height, aligned","Full height
aligned",rotatable_xlink,"Rotatable, + xlinks","Rotatable
+ xlinks",rotatable,1,15,12,180,r0015,/home/thekaka/project/cytosim/turnover_mini_minus_chew/job00/save/r0015,2.0,3.0,0.013220957538261467,0.01437023043571397,0.012348031237682845,-0.008170728842404518,0.11349662564370044,0.6333333333333333,7.411711190289047,2.6202412417386967,0.6611960461878018,0.2961730449251248,0.2795341098169717,0.34999999999999876,0.033333333333333215,-4.900594134505004,4.900594134505004,0.007609559743623252,1.0431211498973305,0.008007211045613435,0.6484605433437516,0.9999999999999997,1.0,1.0000000000000004,1.0000000000000002,0.06776180698151951,0.34251968503937025,0.27475787805785074,0.2013302491997255,0.24435318275154008,0.6181102362204723,0.3737570534689323,0.46996085704709706,0.9033884134744429,0.961925837053697,0.05853742357925418,0.9540477450750753,974.0,1016.0,-0.3724137931034483,0.040455725514667355,-10.0,10.0,-10.0,10.0,-10.0,-4.0
top_two_thirds_aligned,"Top 2/3, aligned","Top 2/3
aligned",fixed_global_xlink,"Fixed global, + xlinks","Fixed global
+ xlinks",fixed_global,1,15,12,180,r0016,/home/thekaka/project/cytosim/turnover_mini_minus_chew/job00/save/r0016,2.0,3.0,0.013220957538261467,0.013821836217748186,0.0067475122622271564,-0.0022876419743314657,0.031342166344293876,0.033333333333333215,4.039740108216036,0.2510689109840085,0.340574903224644,0.11980033277870217,0.09484193011647254,0.04999999999999982,0.016666666666666607,-1.3758340964083895,1.3758340964083895,0.003906905327094813,0.9864603481624759,0.004878862433898451,0.7230609214614575,0.9400386847195357,0.905882352941177,0.9636649721617049,0.9063179542016939,0.029013539651837516,0.07058823529411765,0.04157469564228013,0.06688558178047982,0.17988394584139258,0.2647058823529412,0.0848219365115486,0.23244663933886844,0.882099901623213,0.9312094163593351,0.04910951473612213,0.9157313050147488,1034.0,1020.0,0.6375,0.060978067065301844,-10.0,10.0,-3.333333333333333,10.0,-10.0,-4.0
top_two_thirds_aligned,"Top 2/3, aligned","Top 2/3
aligned",fixed_global_xlink,"Fixed global, + xlinks","Fixed global
+ xlinks",fixed_global,1,15,12,180,r0017,/home/thekaka/project/cytosim/turnover_mini_minus_chew/job00/save/r0017,2.0,3.0,0.013220957538261467,0.013821836217748186,0.00860128823746175,-0.004820093491038622,0.09421230468749986,1.0,5.1543040778566676,1.293416781230234,0.5575279364164575,0.15141430948419302,0.13311148086522462,0.2666666666666657,0.8500000000000001,-2.8736685161903597,2.8736685161903597,0.00519587104622648,1.060483870967742,0.018126449681175393,2.1074110273654227,0.9717741935483868,0.8612167300380229,0.886231323856555,0.9001055642206031,0.008064516129032258,0.09885931558935361,0.09079479946032135,0.07080687021767518,0.1411290322580645,0.344106463878327,0.2029774316202625,0.2857223949498929,0.8617121660141873,0.9513518175023217,0.08963965148813435,0.9257846766448534,992.0,1052.0,0.46229508196721314,0.004523250166273154,-10.0,10.0,-3.333333333333333,10.0,-10.0,-4.0
top_two_thirds_aligned,"Top 2/3, aligned","Top 2/3
aligned",fixed_global_xlink,"Fixed global, + xlinks","Fixed global
+ xlinks",fixed_global,1,15,12,180,r0018,/home/thekaka/project/cytosim/turnover_mini_minus_chew/job00/save/r0018,2.0,3.0,0.013220957538261467,0.013821836217748186,0.008689855444438337,-0.004925328262188555,0.05055349570094725,3.716666666666667,5.216460857289544,0.9664491655432792,0.5604374990249634,0.21963394342762063,0.20133111480865223,0.16666666666666607,0.04999999999999982,-2.9235002766209686,2.9235002766209686,0.005561258909690345,1.046908315565032,0.006127211890214545,0.7050994034815701,0.9360341151385929,0.8105906313645622,0.8659840685876529,0.8641383359882358,0.04051172707889126,0.15478615071283092,0.11427442363393966,0.10203121426945931,0.18976545842217485,0.38696537678207743,0.19719991835990258,0.3074731205724076,0.8734409923925083,0.9520771856611716,0.07863619326866333,0.9332647677897074,938.0,982.0,0.3356643356643357,0.09101049625916256,-10.0,10.0,-3.333333333333333,10.0,-10.0,-4.0
top_two_thirds_aligned,"Top 2/3, aligned","Top 2/3
aligned",fixed_global_xlink,"Fixed global, + xlinks","Fixed global
+ xlinks",fixed_global,1,15,12,180,r0019,/home/thekaka/project/cytosim/turnover_mini_minus_chew/job00/save/r0019,2.0,3.0,0.013220957538261467,0.013821836217748186,0.008697582524916233,-0.0046924005515120186,0.05733450455896438,0.1333333333333333,5.222590497835384,1.11131968843777,0.5409252451424499,0.19966722129783693,0.18469217970049917,0.16666666666666607,0.06666666666666687,-2.8250310453202343,2.8250310453202343,0.005160662547268166,1.017786561264822,0.005087800361976048,0.5849671845482202,0.946534653465347,0.786407766990291,0.8308282893935078,0.8633324983044212,0.03762376237623762,0.1864077669902912,0.14878400461405358,0.10056313468556419,0.16831683168316833,0.37669902912621345,0.20838219744304512,0.30864616152531593,0.8722472411404943,0.9565064967259499,0.08425925558545555,0.9315695475863228,1012.0,1030.0,0.3430232558139535,0.10295773974679764,-10.0,10.0,-3.333333333333333,10.0,-10.0,-4.0
top_two_thirds_aligned,"Top 2/3, aligned","Top 2/3
aligned",fixed_global_xlink,"Fixed global, + xlinks","Fixed global
+ xlinks",fixed_global,1,15,12,180,r0020,/home/thekaka/project/cytosim/turnover_mini_minus_chew/job00/save/r0020,2.0,3.0,0.013220957538261467,0.013821836217748186,0.01064784857017458,-0.005850502219191478,0.08870288461538434,1.3666666666666671,6.392972751200404,2.0808086311091984,0.5456432626954453,0.23128119800332778,0.21963394342762063,0.33333333333333215,0.033333333333333215,-3.488282510288066,3.488282510288066,0.006830099093162826,1.0384615384615385,0.015715854126537223,1.4759652171010869,0.9376344086021501,0.7695473251028805,0.8207328123230266,0.8106275639768831,0.04301075268817204,0.1851851851851852,0.14217443249701317,0.1536924045748648,0.1849462365591398,0.4485596707818932,0.2636134342227534,0.3879111089564946,0.8743124646430569,0.968268988928944,0.09395652428588708,0.9566933413896426,936.0,972.0,0.23024054982817868,0.10107325970217826,-10.0,10.0,-3.333333333333333,10.0,-10.0,-4.0
top_two_thirds_aligned,"Top 2/3, aligned","Top 2/3
aligned",nomotor_xlink,"No motors, + xlinks","No motors
+ xlinks",none,1,0,0,0,r0021,/home/thekaka/project/cytosim/turnover_mini_minus_chew/job00/save/r0021,2.0,3.0,0.013220957538261467,0.013821836217748186,0.005573641660596642,-0.001090388028809729,0.02558280501925747,8.816666666666666,3.343344911815516,0.08375327110533418,0.1983588691672919,0.04991680532445923,0.04492512479201331,0.033333333333333215,nan,-0.663182115943945,0.663182115943945,0.0034255583112863894,1.0163934426229508,0.013913802550805505,2.496357569804025,0.932377049180328,0.9294354838709676,0.9968450903934772,0.9165070954695185,0.04098360655737705,0.046370967741935484,0.005387361184558431,0.05501310377490343,0.19672131147540986,0.219758064516129,0.023036753040719143,0.21006748476570591,0.8730919732630847,0.9051548391020395,0.03206286583895479,0.8988003579021152,976.0,992.0,0.5899053627760252,0.030257391922382387,-10.0,10.0,-3.333333333333333,10.0,-10.0,-4.0
top_two_thirds_aligned,"Top 2/3, aligned","Top 2/3
aligned",nomotor_xlink,"No motors, + xlinks","No motors
+ xlinks",none,1,0,0,0,r0022,/home/thekaka/project/cytosim/turnover_mini_minus_chew/job00/save/r0022,2.0,3.0,0.013220957538261467,0.013821836217748186,0.005649666090642554,-0.001758675191676982,0.020959094890510732,7.633333333333333,3.3895202221932146,0.05785365802580555,0.3054133247226304,0.04159733777038269,0.03494176372712146,0.033333333333333215,nan,-1.0352046402746184,1.0352046402746184,0.003121105176973494,1.0018416206261511,0.016925993971668375,2.9959282017927773,0.9409594095940959,0.926470588235294,0.9846020761245675,0.9322477210391388,0.038745387453874534,0.03308823529411765,-0.005657152159756887,0.04004120385430405,0.18634686346863466,0.24080882352941177,0.05446196006077711,0.23319376570751502,0.883857620198845,0.9188542913874352,0.03499667118859029,0.9074259423979267,1086.0,1088.0,0.5768115942028985,0.10471854796334519,-10.0,10.0,-3.333333333333333,10.0,-10.0,-4.0
top_two_thirds_aligned,"Top 2/3, aligned","Top 2/3
aligned",nomotor_xlink,"No motors, + xlinks","No motors
+ xlinks",none,1,0,0,0,r0023,/home/thekaka/project/cytosim/turnover_mini_minus_chew/job00/save/r0023,2.0,3.0,0.013220957538261467,0.013821836217748186,0.005886309561368205,-0.002168094850977833,0.024768064663283518,2.95,3.5315438762270577,0.12090596327188477,0.3718862934010085,0.07154742096505824,0.056572379367720464,0.033333333333333215,nan,-1.3133327621131103,1.3133327621131103,0.003648289128333737,1.0537190082644627,0.014974666633676168,2.543982180610202,0.9566115702479342,0.919449901768173,0.9611528130794721,0.9402555481315626,0.022727272727272728,0.043222003929273084,0.020494731202000356,0.03315836493106142,0.1611570247933884,0.24165029469548127,0.08049326990209288,0.21082883396530103,0.8748744734617983,0.910669679159521,0.035795205697722765,0.8933124498171745,968.0,1020.0,0.42073170731707316,0.17398816420385055,-10.0,10.0,-3.333333333333333,10.0,-10.0,-4.0
top_two_thirds_aligned,"Top 2/3, aligned","Top 2/3
aligned",nomotor_xlink,"No motors, + xlinks","No motors
+ xlinks",none,1,0,0,0,r0024,/home/thekaka/project/cytosim/turnover_mini_minus_chew/job00/save/r0024,2.0,3.0,0.013220957538261467,0.013821836217748186,0.0058656711266146236,-0.001997944196564275,0.02534140786749539,0.016666666666666607,3.5180135881066734,0.07460658858859491,0.34054751768812136,0.05490848585690516,0.04326123128119801,0.033333333333333215,nan,-1.1980507946228087,1.1980507946228087,0.003641836012532788,1.0289855072463767,0.010562695860152346,1.800765101238912,0.9482401656314696,0.9315895372233403,0.982440494495357,0.9265953290477846,0.020703933747412008,0.056338028169014086,0.03563409442160208,0.04463062292001523,0.19254658385093165,0.25352112676056343,0.06097454290963178,0.2202251966789988,0.8714027617637975,0.9175221741254119,0.04611941236161443,0.8984723328112912,966.0,994.0,0.6578947368421053,0.07088215978464592,-10.0,10.0,-3.333333333333333,10.0,-10.0,-4.0
top_two_thirds_aligned,"Top 2/3, aligned","Top 2/3
aligned",nomotor_xlink,"No motors, + xlinks","No motors
+ xlinks",none,1,0,0,0,r0025,/home/thekaka/project/cytosim/turnover_mini_minus_chew/job00/save/r0025,2.0,3.0,0.013220957538261467,0.013821836217748186,0.0066235057688192175,-0.0024077361214294773,0.0383317071573126,3.216666666666667,3.966324065722521,0.14520900351195132,0.35762253337884864,0.08153078202995008,0.07154742096505824,0.04999999999999982,0.25,-1.418446860585183,1.418446860585183,0.0042832873279940835,1.0345572354211663,0.026293017491916683,3.969652689923448,0.9179265658747298,0.8977035490605425,0.9779688075647796,0.9165224400539614,0.05615550755939526,0.060542797494780795,0.0043872899353855355,0.058793209891218286,0.18358531317494603,0.25678496868476,0.07319965550981394,0.23572927923797615,0.8661140419283159,0.9200649995928983,0.053950957664582466,0.9015063232141061,926.0,958.0,0.6333333333333333,0.07418328018295833,-10.0,10.0,-3.333333333333333,10.0,-10.0,-4.0
top_two_thirds_aligned,"Top 2/3, aligned","Top 2/3
aligned",rotatable_xlink,"Rotatable, + xlinks","Rotatable
+ xlinks",rotatable,1,15,12,180,r0026,/home/thekaka/project/cytosim/turnover_mini_minus_chew/job00/save/r0026,2.0,3.0,0.013220957538261467,0.013821836217748186,0.016101485229426716,-0.011084605136475327,0.08818368522072928,9.766666666666666,9.673243274160399,3.978485215183818,0.6876923041345572,0.46422628951747086,0.4459234608985025,0.34999999999999876,0.06666666666666687,-6.6522149556614725,6.6522149556614725,0.009428112352982845,1.0116959064327486,0.022458921318672043,1.3948353831127713,0.9667318982387478,0.5529865125240849,0.5720164127526464,0.7292586032095834,0.01565557729941292,0.41618497109826597,0.40052939379885305,0.23309580124427814,0.14090019569471626,0.5838150289017342,0.44291483320701797,0.42264423263138007,0.838287614098024,0.9667423990957843,0.1284547849977603,0.9477559815816261,1026.0,1038.0,-0.18766066838046272,0.18866997896223836,-10.0,10.0,-3.333333333333333,10.0,-10.0,-4.0
top_two_thirds_aligned,"Top 2/3, aligned","Top 2/3
aligned",rotatable_xlink,"Rotatable, + xlinks","Rotatable
+ xlinks",rotatable,1,15,12,180,r0027,/home/thekaka/project/cytosim/turnover_mini_minus_chew/job00/save/r0027,2.0,3.0,0.013220957538261467,0.013821836217748186,0.0127508338035078,-0.007816073045446993,0.08838719626168223,1.1166666666666671,7.655809498624498,2.6607456240092615,0.6113503106869427,0.3194675540765391,0.30449251247920134,0.31666666666666554,0.016666666666666607,-4.680381515544133,4.680381515544133,0.0072361148380193745,1.00945179584121,0.012360111528282855,0.9693571196012722,0.9467680608365022,0.6779026217228464,0.716017628566701,0.7536879399959012,0.03992395437262357,0.2865168539325843,0.24659289955996072,0.20415862462447604,0.18250950570342203,0.47752808988764056,0.29501858418421856,0.4288570768201393,0.8761649122579033,0.9722958465860149,0.0961309343281116,0.9638384104960765,1058.0,1068.0,0.008695652173913044,0.08084709348268888,-10.0,10.0,-3.333333333333333,10.0,-10.0,-4.0
top_two_thirds_aligned,"Top 2/3, aligned","Top 2/3
aligned",rotatable_xlink,"Rotatable, + xlinks","Rotatable
+ xlinks",rotatable,1,15,12,180,r0028,/home/thekaka/project/cytosim/turnover_mini_minus_chew/job00/save/r0028,2.0,3.0,0.013220957538261467,0.013821836217748186,0.018085403376009796,-0.0115190451600591,0.1532843621399178,0.4166666666666665,10.85420714820987,5.204584628764461,0.6350206377144352,0.4276206322795341,0.40931780366056575,0.549999999999998,0.06666666666666687,-6.892645545140812,6.892645545140812,0.01133007009207711,1.022964509394572,0.015565661385139169,0.8606753779009954,0.9373695198329856,0.4673469387755099,0.4985727921458112,0.5966692603404393,0.04175365344467641,0.49387755102040815,0.45212389757573174,0.3613960298787325,0.18162839248434237,0.7285714285714285,0.5469430360870862,0.594248964664445,0.8765432659771611,0.9323518190654132,0.055808553088252055,0.9509012872347882,958.0,980.0,-0.5102040816326531,0.06608880319801956,-10.0,10.0,-3.333333333333333,10.0,-10.0,-4.0
top_two_thirds_aligned,"Top 2/3, aligned","Top 2/3
aligned",rotatable_xlink,"Rotatable, + xlinks","Rotatable
+ xlinks",rotatable,1,15,12,180,r0029,/home/thekaka/project/cytosim/turnover_mini_minus_chew/job00/save/r0029,2.0,3.0,0.013220957538261467,0.013821836217748186,0.01525654921337149,-0.007962936411811804,0.10028333333333328,1.9333333333333336,9.158066655163388,4.001945139607872,0.5220267565301382,0.37271214642262895,0.3544093178036606,0.4833333333333316,0.016666666666666607,-4.780755832081755,4.780755832081755,0.009269298233971041,1.0040485829959513,0.010410068693875604,0.6823344223051289,0.9349593495934959,0.6834677419354838,0.7310133239831696,0.719898236955796,0.036585365853658534,0.25604838709677424,0.2194630212431157,0.2363946937853481,0.2012195121951219,0.5201612903225807,0.31894177812745883,0.4817062988775111,0.8793187468678247,0.961729440328014,0.08241069346018925,0.9589388530113446,988.0,992.0,-0.10469314079422383,0.08704959860058718,-10.0,10.0,-3.333333333333333,10.0,-10.0,-4.0
top_two_thirds_aligned,"Top 2/3, aligned","Top 2/3
aligned",rotatable_xlink,"Rotatable, + xlinks","Rotatable
+ xlinks",rotatable,1,15,12,180,r0030,/home/thekaka/project/cytosim/turnover_mini_minus_chew/job00/save/r0030,2.0,3.0,0.013220957538261467,0.013821836217748186,0.01596659323380066,-0.008546144906888065,0.09973214990138057,1.1166666666666671,9.588663647971437,4.299800165063685,0.53730429566185,0.389351081530782,0.3643926788685524,0.8166666666666638,0.18333333333333313,-5.152030167711678,5.152030167711678,0.00953147479917638,1.0079522862823063,0.01900657063436247,1.1903961199516435,0.9540918163672656,0.6765285996055228,0.7090812309672947,0.7103468913042406,0.023952095808383235,0.3057199211045364,0.28176782529615313,0.24446022555921118,0.1936127744510978,0.49112426035502954,0.2975114859039317,0.46193290876069804,0.8709121605386344,0.9589379318967729,0.0880257713581385,0.9475725362509168,1006.0,1014.0,-0.16129032258064516,0.10754148619683157,-10.0,10.0,-3.333333333333333,10.0,-10.0,-4.0
top_two_thirds_mixed_polarity,"Top 2/3, mixed polarity","Top 2/3
mixed polarity",fixed_global_xlink,"Fixed global, + xlinks","Fixed global
+ xlinks",fixed_global,1,15,12,180,r0031,/home/thekaka/project/cytosim/turnover_mini_minus_chew/job00/save/r0031,2.0,3.0,0.013220957538261467,0.011678178534967748,0.006925688667551725,-0.003090493366135796,0.05879844054580907,4.733333333333333,4.157823751510589,0.7895363279474569,0.4478957220772416,0.12146422628951747,0.15474209650582363,0.18333333333333268,1.4333333333333336,-1.8622714714527409,1.8622714714527409,0.004141258716644013,1.0179282868525896,0.0034573669721175274,0.49920912389781574,0.7704590818363274,0.706457925636008,0.9169311418229015,0.7374012362214574,0.1996007984031936,0.2720156555772994,0.07241485717410578,0.23802066200347208,0.3652694610778442,0.4755381604696674,0.11026869939182321,0.4197941835728826,0.9400081154944964,0.9677330681150682,0.02772495262057184,0.9591410660335666,1004.0,1022.0,0.0625,0.08910741632841875,-10.0,10.0,-3.333333333333333,10.0,-10.0,-4.0
top_two_thirds_mixed_polarity,"Top 2/3, mixed polarity","Top 2/3
mixed polarity",fixed_global_xlink,"Fixed global, + xlinks","Fixed global
+ xlinks",fixed_global,1,15,12,180,r0032,/home/thekaka/project/cytosim/turnover_mini_minus_chew/job00/save/r0032,2.0,3.0,0.013220957538261467,0.011678178534967748,0.007049446043584338,-0.002026271614999225,0.060944205607476626,3.4833333333333334,4.231150941764389,0.9665516911212491,0.294493635753336,0.12312811980033278,0.15474209650582363,0.18333333333333268,0.6000000000000001,-1.2460470242613464,1.2460470242613464,0.004037357768859149,1.0171755725190839,0.005641275235792734,0.8002437639659399,0.7080152671755726,0.6435272045028144,0.9089171298099049,0.6579834153861912,0.26526717557251905,0.3189493433395873,0.053682167767068245,0.31166366716675953,0.433206106870229,0.49718574108818003,0.06397963421795105,0.48717749202266997,0.9595784119636246,0.9726427365781962,0.013064324614571632,0.969142970113956,1048.0,1066.0,-0.027472527472527472,0.15811608658723358,-10.0,10.0,-3.333333333333333,10.0,-10.0,-4.0
top_two_thirds_mixed_polarity,"Top 2/3, mixed polarity","Top 2/3
mixed polarity",fixed_global_xlink,"Fixed global, + xlinks","Fixed global
+ xlinks",fixed_global,1,15,12,180,r0033,/home/thekaka/project/cytosim/turnover_mini_minus_chew/job00/save/r0033,2.0,3.0,0.013220957538261467,0.011678178534967748,0.007843098740811615,-0.0029749181615678624,0.09417118473895592,0.4833333333333334,4.706433045906746,1.4815756117275614,0.38753525877508804,0.10981697171381032,0.13976705490848584,0.33333333333333215,0.016666666666666607,-1.8239087483530965,1.8239087483530965,0.004753972773643178,1.0222222222222221,0.0157667825777501,2.010274650210324,0.7515151515151514,0.6304347826086959,0.8388849929873777,0.6582139893342175,0.2121212121212121,0.33201581027667987,0.11989459815546777,0.31219417698806756,0.3656565656565657,0.4980237154150197,0.13236714975845404,0.4780799585895218,0.9506368104386953,0.9608106938842439,0.010173883445548593,0.9696999366946543,990.0,1012.0,0.0026666666666666666,0.0698275404764631,-10.0,10.0,-3.333333333333333,10.0,-10.0,-4.0
top_two_thirds_mixed_polarity,"Top 2/3, mixed polarity","Top 2/3
mixed polarity",fixed_global_xlink,"Fixed global, + xlinks","Fixed global
+ xlinks",fixed_global,1,15,12,180,r0034,/home/thekaka/project/cytosim/turnover_mini_minus_chew/job00/save/r0034,2.0,3.0,0.013220957538261467,0.011678178534967748,0.007180751916495898,-0.0033006952688562075,0.060635068762279115,0.9833333333333334,4.306644015110971,0.9195243173645389,0.4613864815989031,0.14143094841930118,0.16971713810316139,0.2166666666666659,0.6666666666666665,-1.9870273296310241,1.9870273296310241,0.004323939774207802,1.0281124497991967,0.0066393889016353414,0.9246091466247544,0.6927710843373495,0.60546875,0.8739809782608695,0.6606720353075582,0.25100401606425704,0.34375,0.09274598393574296,0.2951326775276171,0.4518072289156626,0.57421875,0.1224115210843374,0.5007964975626749,0.9632477420017237,0.9638028287484115,0.0005550867466878051,0.9738269442527975,996.0,1024.0,-0.25878594249201275,0.05303090566467545,-10.0,10.0,-3.333333333333333,10.0,-10.0,-4.0
top_two_thirds_mixed_polarity,"Top 2/3, mixed polarity","Top 2/3
mixed polarity",fixed_global_xlink,"Fixed global, + xlinks","Fixed global
+ xlinks",fixed_global,1,15,12,180,r0035,/home/thekaka/project/cytosim/turnover_mini_minus_chew/job00/save/r0035,2.0,3.0,0.013220957538261467,0.011678178534967748,0.006832377145179224,-0.002655048409060618,0.06515323529411765,6.933333333333334,4.100691577689407,1.0116103460905954,0.3894548469338044,0.10981697171381032,0.13810316139767054,0.2166666666666659,3.7333333333333334,-1.5970342107117688,1.5970342107117688,0.004142112704736775,1.0424242424242425,0.005048169692829145,0.7388599290645164,0.716024340770791,0.6317829457364346,0.8823484199661821,0.6800721902506509,0.25354969574036507,0.3391472868217055,0.08559759108134041,0.2912754614329917,0.4401622718052739,0.5542635658914732,0.11410129408619929,0.5081266947885312,0.959614943020563,0.9683086823460282,0.008693739325465133,0.9653478031643441,990.0,1032.0,-0.1411042944785276,0.039437357230830535,-10.0,10.0,-3.333333333333333,10.0,-10.0,-4.0
top_two_thirds_mixed_polarity,"Top 2/3, mixed polarity","Top 2/3
mixed polarity",nomotor_xlink,"No motors, + xlinks","No motors
+ xlinks",none,1,0,0,0,r0036,/home/thekaka/project/cytosim/turnover_mini_minus_chew/job00/save/r0036,2.0,3.0,0.013220957538261467,0.011678178534967748,0.0043439035602537285,-0.0005138988582658293,0.02315696256888622,1.2000000000000002,2.6073677364417294,0.06019373314131938,0.12365209629143577,0.019966722129783693,0.03826955074875208,0.033333333333333215,nan,-0.32240648641367564,0.32240648641367564,0.002666020180410766,1.0245398773006136,0.005342408122393066,1.2298634277417095,0.7075664621676891,0.6746506986027944,0.9534803225918106,0.6823117948218247,0.25971370143149286,0.2934131736526946,0.03369947222120173,0.2800534699695803,0.4642126789366053,0.4770459081836328,0.012833229247027511,0.46984165095723984,0.9602343612110831,0.9737855178291444,0.013551156618061277,0.962706868584399,978.0,1002.0,0.06857142857142857,0.04447085967226213,-10.0,10.0,-3.333333333333333,10.0,-10.0,-4.0
top_two_thirds_mixed_polarity,"Top 2/3, mixed polarity","Top 2/3
mixed polarity",nomotor_xlink,"No motors, + xlinks","No motors
+ xlinks",none,1,0,0,0,r0037,/home/thekaka/project/cytosim/turnover_mini_minus_chew/job00/save/r0037,2.0,3.0,0.013220957538261467,0.011678178534967748,0.004562154489714712,-0.0003708014441675755,0.017746889245378816,0.6166666666666667,2.734194850950934,0.02837428204999702,0.08027479708439854,0.011647254575707155,0.03161397670549085,0.033333333333333215,nan,-0.21948693684929355,0.21948693684929355,0.002696444626184353,1.0197238658777121,0.006371008448038433,1.3964911671452045,0.7258382642998027,0.7079303675048354,0.9753279791438901,0.7143735936979794,0.24457593688362916,0.26499032882011603,0.020414391936486864,0.2523748287499639,0.41025641025641024,0.4216634429400387,0.01140703268362847,0.4109784074600806,0.9634781559023411,0.966756063817212,0.0032779079148709256,0.9637332104829252,1014.0,1034.0,0.1903485254691689,0.0984586503016931,-10.0,10.0,-3.333333333333333,10.0,-10.0,-4.0
top_two_thirds_mixed_polarity,"Top 2/3, mixed polarity","Top 2/3
mixed polarity",nomotor_xlink,"No motors, + xlinks","No motors
+ xlinks",none,1,0,0,0,r0038,/home/thekaka/project/cytosim/turnover_mini_minus_chew/job00/save/r0038,2.0,3.0,0.013220957538261467,0.011678178534967748,0.0044237500829968366,-0.0008014130971839992,0.021963269639065863,9.383333333333333,2.649031400592191,0.06858625188809685,0.1725343255599509,0.02329450915141431,0.04492512479201331,0.033333333333333215,nan,-0.45704884608830576,0.45704884608830576,0.002873136009319079,1.0216919739696313,0.006437394155807461,1.455189383448736,0.7353579175704988,0.6900212314225056,0.9383474563002215,0.7218695169219754,0.22993492407809102,0.27176220806794055,0.04182728398984953,0.2379030585598049,0.4121475054229934,0.45010615711252655,0.03795865168953316,0.4270855623847464,0.9557186631513714,0.9686760897769496,0.012957426625578194,0.9618174710258911,922.0,942.0,0.13513513513513514,0.02425076582204401,-10.0,10.0,-3.333333333333333,10.0,-10.0,-4.0
top_two_thirds_mixed_polarity,"Top 2/3, mixed polarity","Top 2/3
mixed polarity",nomotor_xlink,"No motors, + xlinks","No motors
+ xlinks",none,1,0,0,0,r0039,/home/thekaka/project/cytosim/turnover_mini_minus_chew/job00/save/r0039,2.0,3.0,0.013220957538261467,0.011678178534967748,0.005068484456290137,-0.0011224395437869894,0.022726297724569355,0.5833333333333335,3.036641904741054,0.12865160724728125,0.2245710597504788,0.04492512479201331,0.07154742096505824,0.033333333333333215,nan,-0.681941890630411,0.681941890630411,0.002994715882387627,1.0335305719921104,0.006679828500752094,1.317914370332582,0.7041420118343196,0.6615678776290633,0.939537574111863,0.677999247936302,0.24852071005917167,0.2963671128107075,0.047846402751535816,0.28422959182656954,0.4832347140039448,0.5162523900573615,0.033017676053416656,0.5018639793233742,0.9659319817283982,0.9612312367534591,-0.004700744974939108,0.9656178553361804,1014.0,1048.0,-0.014492753623188406,0.031373720810963436,-10.0,10.0,-3.333333333333333,10.0,-10.0,-4.0
top_two_thirds_mixed_polarity,"Top 2/3, mixed polarity","Top 2/3
mixed polarity",nomotor_xlink,"No motors, + xlinks","No motors
+ xlinks",none,1,0,0,0,r0040,/home/thekaka/project/cytosim/turnover_mini_minus_chew/job00/save/r0040,2.0,3.0,0.013220957538261467,0.011678178534967748,0.004697220599050832,-0.0005379488514371072,0.018662830957230314,7.766666666666666,2.8163717068189156,0.08532970250560422,0.12117579252530636,0.03494176372712146,0.064891846921797,0.033333333333333215,nan,-0.34127607361963186,0.34127607361963186,0.002879725671593983,1.0,0.010157671246005143,2.1624854596051346,0.7914110429447854,0.7730061349693254,0.9767441860465118,0.7812202462850282,0.1860940695296523,0.20449897750511248,0.018404907975460183,0.19765408184210823,0.3333333333333333,0.3701431492842536,0.03680981595092031,0.363304578668912,0.9551396971418317,0.9682706984660842,0.01313100132425249,0.9534415829641992,978.0,978.0,0.3413173652694611,0.030288632671532312,-10.0,10.0,-3.333333333333333,10.0,-10.0,-4.0
top_two_thirds_mixed_polarity,"Top 2/3, mixed polarity","Top 2/3
mixed polarity",rotatable_xlink,"Rotatable, + xlinks","Rotatable
+ xlinks",rotatable,1,15,12,180,r0041,/home/thekaka/project/cytosim/turnover_mini_minus_chew/job00/save/r0041,2.0,3.0,0.013220957538261467,0.011678178534967748,0.014231392616635257,0.0009382621162073393,0.06517655728740651,6.883333333333333,8.539481976097463,3.5450389487749754,0.07002010324735654,0.40099833610648916,0.4559068219633943,0.29999999999999893,0.04999999999999982,0.5979354096452846,0.5979354096452846,0.009282045626192894,1.0152173913043478,0.01157658079138349,0.8134538272699662,0.6956521739130437,0.8308351177730191,1.1943254817987146,0.7824068541998692,0.27391304347826084,0.1413276231263384,-0.13258542035192245,0.18821304546639514,0.43913043478260877,0.3576017130620986,-0.08152872172051018,0.39450097802581013,0.957154304823623,0.9367935579685346,-0.020360746855088374,0.9606103821676274,920.0,934.0,0.4377224199288256,0.14805998641732804,-10.0,10.0,-3.333333333333333,10.0,-10.0,-4.0
top_two_thirds_mixed_polarity,"Top 2/3, mixed polarity","Top 2/3
mixed polarity",rotatable_xlink,"Rotatable, + xlinks","Rotatable
+ xlinks",rotatable,1,15,12,180,r0042,/home/thekaka/project/cytosim/turnover_mini_minus_chew/job00/save/r0042,2.0,3.0,0.013220957538261467,0.011678178534967748,0.015160388612936638,0.0008630630310610466,0.07647097087378618,1.7000000000000002,9.110551612329271,4.168770329767496,0.05605733957817176,0.43594009983361065,0.47420965058236275,0.31666666666666554,0.1166666666666667,0.5107132854768022,0.5107132854768022,0.008949461308771386,1.0216110019646365,0.04601053548854255,3.034917947240542,0.7125984251968503,0.8015414258188823,1.1248150395469398,0.7922646182956165,0.2519685039370079,0.15221579961464354,-0.09975270432236438,0.16899493000821883,0.4507874015748031,0.34489402697495186,-0.10589337459985126,0.38664760759374994,0.9577958994052574,0.9550289861610725,-0.0027669132441849875,0.9617743910716642,1018.0,1040.0,0.27044025157232704,0.08541864374329437,-10.0,10.0,-3.333333333333333,10.0,-10.0,-4.0
top_two_thirds_mixed_polarity,"Top 2/3, mixed polarity","Top 2/3
mixed polarity",rotatable_xlink,"Rotatable, + xlinks","Rotatable
+ xlinks",rotatable,1,15,12,180,r0043,/home/thekaka/project/cytosim/turnover_mini_minus_chew/job00/save/r0043,2.0,3.0,0.013220957538261467,0.011678178534967748,0.016960166760544716,0.0003847148195804366,0.07837308429118783,5.033333333333333,10.188295728923954,5.03025890335147,0.02220754186087479,0.4559068219633943,0.5108153078202995,0.33333333333333215,0.016666666666666607,0.22625700389105052,0.22625700389105052,0.009910793510626414,1.0,0.01652549132928851,0.974370804403444,0.7237354085603112,0.9066147859922177,1.2526881720430108,0.886194461322309,0.22957198443579765,0.06809338521400778,-0.16147859922178986,0.08909633022760617,0.4280155642023346,0.3988326848249027,-0.029182879377431914,0.3211220759991071,0.9558749333738723,0.9168044229493447,-0.03907051042452758,0.9344144891876731,1028.0,1028.0,0.2601626016260163,0.06756968827872928,-10.0,10.0,-3.333333333333333,10.0,-10.0,-4.0
top_two_thirds_mixed_polarity,"Top 2/3, mixed polarity","Top 2/3
mixed polarity",rotatable_xlink,"Rotatable, + xlinks","Rotatable
+ xlinks",rotatable,1,15,12,180,r0044,/home/thekaka/project/cytosim/turnover_mini_minus_chew/job00/save/r0044,2.0,3.0,0.013220957538261467,0.011678178534967748,0.01328752602239265,0.00038499815001799835,0.07615917721518972,6.933333333333334,7.975114487544694,3.552172919546763,0.02792652461752477,0.33777038269550747,0.3810316139767055,0.4999999999999982,0.2333333333333334,0.22271723106399532,0.22271723106399532,0.00863107628522153,1.0367965367965368,0.014707377357304919,1.1068559589286584,0.7272727272727273,0.7766179540709814,1.0678496868475995,0.7776473587544792,0.24025974025974026,0.18789144050104384,-0.05236829975869642,0.18384132864841168,0.40692640692640697,0.3903966597077244,-0.016529747218682556,0.3784788262668696,0.9514789239391316,0.9700077949137738,0.018528870974642175,0.9548390769930665,924.0,958.0,0.3291139240506329,0.18673611318607505,-10.0,10.0,-3.333333333333333,10.0,-10.0,-4.0
top_two_thirds_mixed_polarity,"Top 2/3, mixed polarity","Top 2/3
mixed polarity",rotatable_xlink,"Rotatable, + xlinks","Rotatable
+ xlinks",rotatable,1,15,12,180,r0045,/home/thekaka/project/cytosim/turnover_mini_minus_chew/job00/save/r0045,2.0,3.0,0.013220957538261467,0.011678178534967748,0.016248076285732025,0.0017015925899147295,0.09087297570850184,9.733333333333333,9.76131411682686,4.848639097194342,0.10365299508472921,0.4176372712146423,0.4442595673876872,0.33333333333333215,0.10000000000000009,1.0117894441719524,1.0117894441719524,0.01002188307682429,1.0143737166324436,0.010711465762817979,0.6592451669016395,0.7268993839835727,0.7854251012145752,1.0805141929138369,0.7905741457325384,0.24845995893223818,0.18623481781376522,-0.062225141118472965,0.17708084775747712,0.42915811088295686,0.34210526315789463,-0.08705284772506222,0.3367906332051288,0.9735652944009656,0.9551855677738544,-0.01837972662711118,0.9569599496217334,974.0,988.0,0.3903133903133903,0.11448152507188165,-10.0,10.0,-3.333333333333333,10.0,-10.0,-4.0
