run_id,run_dir,system_label,system,case,replicate,description,actin_total_polymer,fixed_mt_length,early_actin_count,early_actin_avg_len,early_actin_var_len,early_actin_min_len,early_actin_max_len,early_actin_total_len,early_actin_off_len,early_mt_count,early_mt_avg_len,early_mt_var_len,early_mt_min_len,early_mt_max_len,early_mt_total_len,early_mt_off_len,final_actin_count,final_actin_avg_len,final_actin_var_len,final_actin_min_len,final_actin_max_len,final_actin_total_len,final_actin_off_len,final_mt_count,final_mt_avg_len,final_mt_var_len,final_mt_min_len,final_mt_max_len,final_mt_total_len,final_mt_off_len,actin_total_len_change,actin_total_len_fold_change,early_body_count,early_mean_pairwise_dist,early_min_pairwise_dist,early_max_pairwise_dist,early_centroid_radius_xy,early_mean_radius_from_centroid,final_body_count,final_mean_pairwise_dist,final_min_pairwise_dist,final_max_pairwise_dist,final_centroid_radius_xy,final_mean_radius_from_centroid,mean_body_displacement,max_body_displacement
r0001,/home/thekaka/project/cytosim/ast/tethered_mt_free_actin_pilot/save/r0001,large_system (large 24x24x1.2 um),large_system,01_actin_only_perinuclear_long,r0001,Long free perinuclear actin control with doubled actin polymer pool.,4800,12.0,192.0,1.5,0.0,1.5,1.5,288.0,0.0,nan,nan,nan,nan,nan,nan,nan,656.0,5.507,25.485,0.491,12.461,3612.6,6294.4,nan,nan,nan,nan,nan,nan,nan,3324.6,12.54375,4,13.656854249492378,12.0,16.97056274847714,0.0,8.48528137423857,4,14.503193919189307,9.53024823076503,18.38952682099243,0.19086442341358434,9.052230956294972,11.605838363476796,13.120824596419236
r0002,/home/thekaka/project/cytosim/ast/tethered_mt_free_actin_pilot/save/r0002,large_system (large 24x24x1.2 um),large_system,01_actin_only_perinuclear_long,r0002,Long free perinuclear actin control with doubled actin polymer pool.,4800,12.0,192.0,1.5,0.0,1.5,1.5,288.0,0.0,nan,nan,nan,nan,nan,nan,nan,656.0,5.507,25.485,0.491,12.461,3612.6,6294.4,nan,nan,nan,nan,nan,nan,nan,3324.6,12.54375,4,13.656854249492378,12.0,16.97056274847714,0.0,8.48528137423857,4,13.36561736446115,9.713742226351284,16.7286363637327,0.515179541519265,8.347380772723424,1.5119266108273326,1.9958276829425932
r0003,/home/thekaka/project/cytosim/ast/tethered_mt_free_actin_pilot/save/r0003,large_system (large 24x24x1.2 um),large_system,01_actin_only_perinuclear_long,r0003,Long free perinuclear actin control with doubled actin polymer pool.,4800,12.0,192.0,1.5,0.0,1.5,1.5,288.0,0.0,nan,nan,nan,nan,nan,nan,nan,656.0,5.507,25.485,0.491,12.461,3612.6,6294.4,nan,nan,nan,nan,nan,nan,nan,3324.6,12.54375,4,13.656854249492378,12.0,16.97056274847714,0.0,8.48528137423857,4,10.357410482936876,5.427395463756073,13.195895716850751,0.644320875515453,6.459216227615906,10.788688500052555,16.736470180716125
r0004,/home/thekaka/project/cytosim/ast/tethered_mt_free_actin_pilot/save/r0004,large_system (large 24x24x1.2 um),large_system,01_actin_only_perinuclear_long,r0004,Long free perinuclear actin control with doubled actin polymer pool.,4800,12.0,192.0,1.5,0.0,1.5,1.5,288.0,0.0,nan,nan,nan,nan,nan,nan,nan,656.0,5.507,25.485,0.491,12.461,3612.6,6294.4,nan,nan,nan,nan,nan,nan,nan,3324.6,12.54375,4,13.656854249492378,12.0,16.97056274847714,0.0,8.48528137423857,4,12.23431271464412,4.810815535852523,16.733376305754916,0.8144473498176539,7.594111043501815,11.448600710291558,16.040485578061535
r0005,/home/thekaka/project/cytosim/ast/tethered_mt_free_actin_pilot/save/r0005,large_system (large 24x24x1.2 um),large_system,01_actin_only_perinuclear_long,r0005,Long free perinuclear actin control with doubled actin polymer pool.,4800,12.0,192.0,1.5,0.0,1.5,1.5,288.0,0.0,nan,nan,nan,nan,nan,nan,nan,656.0,5.507,25.485,0.491,12.461,3612.6,6294.4,nan,nan,nan,nan,nan,nan,nan,3324.6,12.54375,4,13.656854249492378,12.0,16.97056274847714,0.0,8.48528137423857,4,13.057549885094396,8.16173213294825,16.369039159339806,1.9761162695107295,8.178462785392782,11.299567782540624,15.533325692201268
r0013,/home/thekaka/project/cytosim/ast/tethered_mt_free_actin_pilot/save/r0013,large_system (large 24x24x1.2 um),large_system,03_growing_mt_uniform_actin_long,r0003,"Growing tethered MT asters from short seeds, uniform free actin, doubled actin pool.",4800,12.0,192.0,1.5,0.0,1.5,1.5,288.0,0.0,64.0,1.0,0.0,1.0,1.0,64.0,0.0,192.0,16.0,-0.0,16.0,16.0,3072.0,2203.4,64.0,1.738,34.292,0.3,31.176,111.2,0.0,2784.0,10.666666666666666,4,13.656854249492378,12.0,16.97056274847714,0.0,8.48528137423857,4,12.142132396239667,5.9802868459631595,21.308290453717774,2.2173095340975735,7.394755384234016,8.625653734612667,12.300023789001385
r0014,/home/thekaka/project/cytosim/ast/tethered_mt_free_actin_pilot/save/r0014,large_system (large 24x24x1.2 um),large_system,03_growing_mt_uniform_actin_long,r0004,"Growing tethered MT asters from short seeds, uniform free actin, doubled actin pool.",4800,12.0,192.0,1.5,0.0,1.5,1.5,288.0,0.0,64.0,1.0,0.0,1.0,1.0,64.0,0.0,192.0,16.0,-0.0,16.0,16.0,3072.0,2203.4,64.0,1.206,20.153,0.3,26.652,77.2,0.0,2784.0,10.666666666666666,4,13.656854249492378,12.0,16.97056274847714,0.0,8.48528137423857,4,15.138859407332108,11.3065196378019,23.289633683035895,3.92099105137974,9.113573380830879,11.179013951027825,16.96827594394905
r0015,/home/thekaka/project/cytosim/ast/tethered_mt_free_actin_pilot/save/r0015,large_system (large 24x24x1.2 um),large_system,03_growing_mt_uniform_actin_long,r0005,"Growing tethered MT asters from short seeds, uniform free actin, doubled actin pool.",4800,12.0,192.0,1.5,0.0,1.5,1.5,288.0,0.0,64.0,1.0,0.0,1.0,1.0,64.0,0.0,192.0,16.0,-0.0,16.0,16.0,3072.0,2203.4,64.0,0.629,3.424,0.3,11.474,40.3,0.0,2784.0,10.666666666666666,4,13.656854249492378,12.0,16.97056274847714,0.0,8.48528137423857,4,15.739310533755967,8.314198406340806,19.65759256190849,3.056672374699323,9.879581238349747,11.314972923879335,19.515931546815796
r0033,/home/thekaka/project/cytosim/ast/tethered_mt_free_actin_pilot/save/r0033,large_system (large 24x24x1.2 um),large_system,07_division_growing_mt_perinuclear_actin_long,r0003,Two-to-four division with growing tethered MTs and free perinuclear actin.,4800,12.0,96.0,1.5,0.0,1.5,1.5,144.0,0.0,32.0,1.0,0.0,1.0,1.0,32.0,0.0,560.0,6.288,31.364,0.528,16.0,3521.2,3879.9,64.0,2.651,66.785,0.3,44.139,169.7,0.0,3377.2,24.452777777777776,2,12.0,12.0,12.0,6.0,6.0,4,11.290605631578572,2.1628493613749433,20.703838609542917,6.0755284459975165,7.5366661503038594,nan,nan
r0034,/home/thekaka/project/cytosim/ast/tethered_mt_free_actin_pilot/save/r0034,large_system (large 24x24x1.2 um),large_system,07_division_growing_mt_perinuclear_actin_long,r0004,Two-to-four division with growing tethered MTs and free perinuclear actin.,4800,12.0,96.0,1.5,0.0,1.5,1.5,144.0,0.0,32.0,1.0,0.0,1.0,1.0,32.0,0.0,560.0,6.288,31.364,0.528,16.0,3521.2,3879.9,64.0,2.169,39.182,0.3,26.819,138.8,0.0,3377.2,24.452777777777776,2,12.0,12.0,12.0,6.0,6.0,4,10.455014481128563,2.210384439413198,17.245863750766443,4.999735368309507,6.322939264486046,nan,nan
r0035,/home/thekaka/project/cytosim/ast/tethered_mt_free_actin_pilot/save/r0035,large_system (large 24x24x1.2 um),large_system,07_division_growing_mt_perinuclear_actin_long,r0005,Two-to-four division with growing tethered MTs and free perinuclear actin.,4800,12.0,96.0,1.5,0.0,1.5,1.5,144.0,0.0,32.0,1.0,0.0,1.0,1.0,32.0,0.0,560.0,6.288,31.364,0.528,16.0,3521.2,3879.9,64.0,2.427,36.459,0.3,25.348,155.3,0.0,3377.2,24.452777777777776,2,12.0,12.0,12.0,6.0,6.0,4,10.85971773451133,3.259076320063708,18.358504562463686,2.224979466478286,6.793767059553703,nan,nan
r0036,/home/thekaka/project/cytosim/ast/tethered_mt_free_actin_pilot/save/r0036,small_system (small 12x12x1.2 um),small_system,01_actin_only_perinuclear_long,r0001,Long free perinuclear actin control with doubled actin polymer pool.,1200,6.0,48.0,1.5,0.0,1.5,1.5,72.0,0.0,nan,nan,nan,nan,nan,nan,nan,164.0,5.507,25.602,0.491,12.461,903.2,1573.6,nan,nan,nan,nan,nan,nan,nan,831.2,12.544444444444444,4,5.73703418364266,4.0,7.211102550927978,0.0,3.605551275463989,4,4.742728674675462,3.542105433213416,5.996729457796141,1.1722619550467377,2.941686598064764,4.337154375828434,6.192032373138887
r0037,/home/thekaka/project/cytosim/ast/tethered_mt_free_actin_pilot/save/r0037,small_system (small 12x12x1.2 um),small_system,01_actin_only_perinuclear_long,r0002,Long free perinuclear actin control with doubled actin polymer pool.,1200,6.0,48.0,1.5,0.0,1.5,1.5,72.0,0.0,nan,nan,nan,nan,nan,nan,nan,164.0,5.507,25.602,0.491,12.461,903.2,1573.6,nan,nan,nan,nan,nan,nan,nan,831.2,12.544444444444444,4,5.73703418364266,4.0,7.211102550927978,0.0,3.605551275463989,4,6.044747193388623,4.2812530747434225,8.552413387459707,0.795354087812466,3.761303768966653,4.373520985355139,7.099297037031202
r0038,/home/thekaka/project/cytosim/ast/tethered_mt_free_actin_pilot/save/r0038,small_system (small 12x12x1.2 um),small_system,01_actin_only_perinuclear_long,r0003,Long free perinuclear actin control with doubled actin polymer pool.,1200,6.0,48.0,1.5,0.0,1.5,1.5,72.0,0.0,nan,nan,nan,nan,nan,nan,nan,164.0,5.507,25.602,0.491,12.461,903.2,1573.6,nan,nan,nan,nan,nan,nan,nan,831.2,12.544444444444444,4,5.73703418364266,4.0,7.211102550927978,0.0,3.605551275463989,4,5.835544895572959,2.7117214993431755,7.746438165376394,1.2140931803716715,3.6655317722816245,4.209770068547663,5.555025999939153
r0039,/home/thekaka/project/cytosim/ast/tethered_mt_free_actin_pilot/save/r0039,small_system (small 12x12x1.2 um),small_system,01_actin_only_perinuclear_long,r0004,Long free perinuclear actin control with doubled actin polymer pool.,1200,6.0,48.0,1.5,0.0,1.5,1.5,72.0,0.0,nan,nan,nan,nan,nan,nan,nan,164.0,5.507,25.602,0.491,12.461,903.2,1573.6,nan,nan,nan,nan,nan,nan,nan,831.2,12.544444444444444,4,5.73703418364266,4.0,7.211102550927978,0.0,3.605551275463989,4,4.906908002442926,1.7383298593765222,7.7210704219039465,1.3057988735348949,2.9649169372347943,2.9007651570584847,3.8757133356325517
r0040,/home/thekaka/project/cytosim/ast/tethered_mt_free_actin_pilot/save/r0040,small_system (small 12x12x1.2 um),small_system,01_actin_only_perinuclear_long,r0005,Long free perinuclear actin control with doubled actin polymer pool.,1200,6.0,48.0,1.5,0.0,1.5,1.5,72.0,0.0,nan,nan,nan,nan,nan,nan,nan,164.0,5.507,25.602,0.491,12.461,903.2,1573.6,nan,nan,nan,nan,nan,nan,nan,831.2,12.544444444444444,4,5.73703418364266,4.0,7.211102550927978,0.0,3.605551275463989,4,5.332695257802639,2.943481144835142,8.472326482141726,0.9281939334670315,3.020609382508858,4.310154095449333,5.740293015169174
r0041,/home/thekaka/project/cytosim/ast/tethered_mt_free_actin_pilot/save/r0041,small_system (small 12x12x1.2 um),small_system,02_fixed_mt_uniform_actin_long,r0001,"Fixed-length tethered MT asters, uniform free actin, doubled actin pool.",1200,6.0,48.0,1.5,0.0,1.5,1.5,72.0,0.0,32.0,6.0,0.0,6.0,6.0,192.0,0.0,48.0,16.0,-0.0,16.0,16.0,768.0,550.9,32.0,6.0,0.0,6.0,6.0,192.0,0.0,696.0,10.666666666666666,4,5.73703418364266,4.0,7.211102550927978,0.0,3.605551275463989,4,2.2448587525954253,1.0387205832176427,3.1123166580539325,0.8288895734656094,1.406321068853636,3.8824604381427643,4.532789558318365
r0042,/home/thekaka/project/cytosim/ast/tethered_mt_free_actin_pilot/save/r0042,small_system (small 12x12x1.2 um),small_system,02_fixed_mt_uniform_actin_long,r0002,"Fixed-length tethered MT asters, uniform free actin, doubled actin pool.",1200,6.0,48.0,1.5,0.0,1.5,1.5,72.0,0.0,32.0,6.0,0.0,6.0,6.0,192.0,0.0,48.0,16.0,-0.0,16.0,16.0,768.0,550.9,32.0,6.0,0.0,6.0,6.0,192.0,0.0,696.0,10.666666666666666,4,5.73703418364266,4.0,7.211102550927978,0.0,3.605551275463989,4,3.542013168236251,1.0055574623063568,6.291894790919504,0.7857920248068188,2.255347218690865,5.041088177626183,7.631137324147692
r0043,/home/thekaka/project/cytosim/ast/tethered_mt_free_actin_pilot/save/r0043,small_system (small 12x12x1.2 um),small_system,02_fixed_mt_uniform_actin_long,r0003,"Fixed-length tethered MT asters, uniform free actin, doubled actin pool.",1200,6.0,48.0,1.5,0.0,1.5,1.5,72.0,0.0,32.0,6.0,0.0,6.0,6.0,192.0,0.0,48.0,16.0,-0.0,16.0,16.0,768.0,550.9,32.0,6.0,0.0,6.0,6.0,192.0,0.0,696.0,10.666666666666666,4,5.73703418364266,4.0,7.211102550927978,0.0,3.605551275463989,4,3.779566006003295,2.320565381539594,4.618772608605018,0.2174344067759286,2.3278476150872964,3.561590972212624,6.2386864546954115
r0044,/home/thekaka/project/cytosim/ast/tethered_mt_free_actin_pilot/save/r0044,small_system (small 12x12x1.2 um),small_system,02_fixed_mt_uniform_actin_long,r0004,"Fixed-length tethered MT asters, uniform free actin, doubled actin pool.",1200,6.0,48.0,1.5,0.0,1.5,1.5,72.0,0.0,32.0,6.0,0.0,6.0,6.0,192.0,0.0,48.0,16.0,-0.0,16.0,16.0,768.0,550.9,32.0,6.0,0.0,6.0,6.0,192.0,0.0,696.0,10.666666666666666,4,5.73703418364266,4.0,7.211102550927978,0.0,3.605551275463989,4,3.5030500584914406,1.5483922435868762,4.609274925625504,1.143679984195754,2.2254452575082495,2.6086846086156017,2.9357708374462748
r0045,/home/thekaka/project/cytosim/ast/tethered_mt_free_actin_pilot/save/r0045,small_system (small 12x12x1.2 um),small_system,02_fixed_mt_uniform_actin_long,r0005,"Fixed-length tethered MT asters, uniform free actin, doubled actin pool.",1200,6.0,48.0,1.5,0.0,1.5,1.5,72.0,0.0,32.0,6.0,0.0,6.0,6.0,192.0,0.0,48.0,16.0,-0.0,16.0,16.0,768.0,550.9,32.0,6.0,0.0,6.0,6.0,192.0,0.0,696.0,10.666666666666666,4,5.73703418364266,4.0,7.211102550927978,0.0,3.605551275463989,4,3.3747153247161257,1.2446895878089446,4.543334183174291,1.4919101357404208,2.140214073012139,4.2191445203180695,6.442458108517276
r0046,/home/thekaka/project/cytosim/ast/tethered_mt_free_actin_pilot/save/r0046,small_system (small 12x12x1.2 um),small_system,03_growing_mt_uniform_actin_long,r0001,"Growing tethered MT asters from short seeds, uniform free actin, doubled actin pool.",1200,6.0,48.0,1.5,0.0,1.5,1.5,72.0,0.0,32.0,1.0,0.0,1.0,1.0,32.0,0.0,48.0,16.0,-0.0,16.0,16.0,768.0,550.9,32.0,0.568,2.29,0.3,8.861,18.2,0.0,696.0,10.666666666666666,4,5.73703418364266,4.0,7.211102550927978,0.0,3.605551275463989,4,6.649092586589024,1.016293038449049,12.450061144026561,4.797182492424589,4.568633611008506,7.345329346964128,11.627517391515697
r0047,/home/thekaka/project/cytosim/ast/tethered_mt_free_actin_pilot/save/r0047,small_system (small 12x12x1.2 um),small_system,03_growing_mt_uniform_actin_long,r0002,"Growing tethered MT asters from short seeds, uniform free actin, doubled actin pool.",1200,6.0,48.0,1.5,0.0,1.5,1.5,72.0,0.0,32.0,1.0,0.0,1.0,1.0,32.0,0.0,48.0,16.0,-0.0,16.0,16.0,768.0,550.9,32.0,0.503,1.314,0.3,6.785,16.1,0.0,696.0,10.666666666666666,4,5.73703418364266,4.0,7.211102550927978,0.0,3.605551275463989,4,9.336962390367361,1.365053720554616,16.40471175821142,2.784188952370151,5.71832680028653,7.463501903940401,8.674572753167732
r0048,/home/thekaka/project/cytosim/ast/tethered_mt_free_actin_pilot/save/r0048,small_system (small 12x12x1.2 um),small_system,03_growing_mt_uniform_actin_long,r0003,"Growing tethered MT asters from short seeds, uniform free actin, doubled actin pool.",1200,6.0,48.0,1.5,0.0,1.5,1.5,72.0,0.0,32.0,1.0,0.0,1.0,1.0,32.0,0.0,48.0,16.0,-0.0,16.0,16.0,768.0,550.9,32.0,0.832,4.948,0.3,11.779,26.6,0.0,696.0,10.666666666666666,4,5.73703418364266,4.0,7.211102550927978,0.0,3.605551275463989,4,9.29733847123352,0.9990677104180676,12.704239001608872,2.4581189518105098,6.20646202224882,9.126303062797241,11.405232957726026
r0049,/home/thekaka/project/cytosim/ast/tethered_mt_free_actin_pilot/save/r0049,small_system (small 12x12x1.2 um),small_system,03_growing_mt_uniform_actin_long,r0004,"Growing tethered MT asters from short seeds, uniform free actin, doubled actin pool.",1200,6.0,48.0,1.5,0.0,1.5,1.5,72.0,0.0,32.0,1.0,0.0,1.0,1.0,32.0,0.0,48.0,16.0,-0.0,16.0,16.0,768.0,550.9,32.0,0.3,0.0,0.3,0.3,9.6,0.0,696.0,10.666666666666666,4,5.73703418364266,4.0,7.211102550927978,0.0,3.605551275463989,4,8.768875859252715,1.0202036120304614,11.78524154610333,4.085906497415842,5.644921773202512,6.69767892741427,8.292881558300468
r0050,/home/thekaka/project/cytosim/ast/tethered_mt_free_actin_pilot/save/r0050,small_system (small 12x12x1.2 um),small_system,03_growing_mt_uniform_actin_long,r0005,"Growing tethered MT asters from short seeds, uniform free actin, doubled actin pool.",1200,6.0,48.0,1.5,0.0,1.5,1.5,72.0,0.0,32.0,1.0,0.0,1.0,1.0,32.0,0.0,48.0,16.0,-0.0,16.0,16.0,768.0,550.9,32.0,1.238,15.134,0.3,20.156,39.6,0.0,696.0,10.666666666666666,4,5.73703418364266,4.0,7.211102550927978,0.0,3.605551275463989,4,11.293902679411572,1.0001996050789062,16.19678792260984,2.839890578877996,7.381218658086486,7.318842146846711,8.382024056276622
r0051,/home/thekaka/project/cytosim/ast/tethered_mt_free_actin_pilot/save/r0051,small_system (small 12x12x1.2 um),small_system,04_fixed_mt_perinuclear_actin_long,r0001,"Fixed-length tethered MT asters, free perinuclear actin, doubled actin pool.",1200,6.0,48.0,1.5,0.0,1.5,1.5,72.0,0.0,32.0,6.0,0.0,6.0,6.0,192.0,0.0,164.0,5.507,25.602,0.491,12.461,903.2,1573.6,32.0,6.0,0.0,6.0,6.0,192.0,0.0,831.2,12.544444444444444,4,5.73703418364266,4.0,7.211102550927978,0.0,3.605551275463989,4,3.8562466860555964,2.556551884863673,6.517600032987604,0.29299036353607266,2.2722839899884857,3.937455635687834,5.952961718338191
r0052,/home/thekaka/project/cytosim/ast/tethered_mt_free_actin_pilot/save/r0052,small_system (small 12x12x1.2 um),small_system,04_fixed_mt_perinuclear_actin_long,r0002,"Fixed-length tethered MT asters, free perinuclear actin, doubled actin pool.",1200,6.0,48.0,1.5,0.0,1.5,1.5,72.0,0.0,32.0,6.0,0.0,6.0,6.0,192.0,0.0,164.0,5.507,25.602,0.491,12.461,903.2,1573.6,32.0,6.0,0.0,6.0,6.0,192.0,0.0,831.2,12.544444444444444,4,5.73703418364266,4.0,7.211102550927978,0.0,3.605551275463989,4,3.3159930679545746,1.843644870901118,4.406685457347733,0.41539641684179224,2.07620872488408,4.49579058183523,6.3938290397851585
r0053,/home/thekaka/project/cytosim/ast/tethered_mt_free_actin_pilot/save/r0053,small_system (small 12x12x1.2 um),small_system,04_fixed_mt_perinuclear_actin_long,r0003,"Fixed-length tethered MT asters, free perinuclear actin, doubled actin pool.",1200,6.0,48.0,1.5,0.0,1.5,1.5,72.0,0.0,32.0,6.0,0.0,6.0,6.0,192.0,0.0,164.0,5.507,25.602,0.491,12.461,903.2,1573.6,32.0,6.0,0.0,6.0,6.0,192.0,0.0,831.2,12.544444444444444,4,5.73703418364266,4.0,7.211102550927978,0.0,3.605551275463989,4,4.260135869534974,0.9997429119528679,5.559237214762471,1.5749317096306112,2.6933164514397108,5.545883378475512,6.825467249939744
r0054,/home/thekaka/project/cytosim/ast/tethered_mt_free_actin_pilot/save/r0054,small_system (small 12x12x1.2 um),small_system,04_fixed_mt_perinuclear_actin_long,r0004,"Fixed-length tethered MT asters, free perinuclear actin, doubled actin pool.",1200,6.0,48.0,1.5,0.0,1.5,1.5,72.0,0.0,32.0,6.0,0.0,6.0,6.0,192.0,0.0,164.0,5.507,25.602,0.491,12.461,903.2,1573.6,32.0,6.0,0.0,6.0,6.0,192.0,0.0,831.2,12.544444444444444,4,5.73703418364266,4.0,7.211102550927978,0.0,3.605551275463989,4,4.2806221182586714,2.031274905078089,6.784767168444324,1.3852106577160024,2.605220468327379,3.431822266685189,4.259626655001586
r0055,/home/thekaka/project/cytosim/ast/tethered_mt_free_actin_pilot/save/r0055,small_system (small 12x12x1.2 um),small_system,04_fixed_mt_perinuclear_actin_long,r0005,"Fixed-length tethered MT asters, free perinuclear actin, doubled actin pool.",1200,6.0,48.0,1.5,0.0,1.5,1.5,72.0,0.0,32.0,6.0,0.0,6.0,6.0,192.0,0.0,164.0,5.507,25.602,0.491,12.461,903.2,1573.6,32.0,6.0,0.0,6.0,6.0,192.0,0.0,831.2,12.544444444444444,4,5.73703418364266,4.0,7.211102550927978,0.0,3.605551275463989,4,3.727017116296514,1.5510077175823465,4.950011956551217,0.4668130414041579,2.4023659222898264,4.641314455662846,5.808675087315523
r0056,/home/thekaka/project/cytosim/ast/tethered_mt_free_actin_pilot/save/r0056,small_system (small 12x12x1.2 um),small_system,05_growing_mt_perinuclear_actin_long,r0001,"Growing tethered MT asters from short seeds, free perinuclear actin, doubled actin pool.",1200,6.0,48.0,1.5,0.0,1.5,1.5,72.0,0.0,32.0,1.0,0.0,1.0,1.0,32.0,0.0,164.0,5.507,25.602,0.491,12.461,903.2,1573.6,32.0,0.3,0.0,0.3,0.3,9.6,0.0,831.2,12.544444444444444,4,5.73703418364266,4.0,7.211102550927978,0.0,3.605551275463989,4,9.824056810672403,4.550589364027478,13.997890992931758,2.481781057652951,6.086114935996199,7.632903263691768,9.471391742505428
r0057,/home/thekaka/project/cytosim/ast/tethered_mt_free_actin_pilot/save/r0057,small_system (small 12x12x1.2 um),small_system,05_growing_mt_perinuclear_actin_long,r0002,"Growing tethered MT asters from short seeds, free perinuclear actin, doubled actin pool.",1200,6.0,48.0,1.5,0.0,1.5,1.5,72.0,0.0,32.0,1.0,0.0,1.0,1.0,32.0,0.0,164.0,5.507,25.602,0.491,12.461,903.2,1573.6,32.0,1.586,52.935,0.3,41.457,50.8,0.0,831.2,12.544444444444444,4,5.73703418364266,4.0,7.211102550927978,0.0,3.605551275463989,4,5.971999577516752,1.6069169735863766,8.723905353681916,4.786269171089837,3.8413399670506014,6.573675624051094,9.509524644271131
r0058,/home/thekaka/project/cytosim/ast/tethered_mt_free_actin_pilot/save/r0058,small_system (small 12x12x1.2 um),small_system,05_growing_mt_perinuclear_actin_long,r0003,"Growing tethered MT asters from short seeds, free perinuclear actin, doubled actin pool.",1200,6.0,48.0,1.5,0.0,1.5,1.5,72.0,0.0,32.0,1.0,0.0,1.0,1.0,32.0,0.0,164.0,5.507,25.602,0.491,12.461,903.2,1573.6,32.0,0.3,0.0,0.3,0.3,9.6,0.0,831.2,12.544444444444444,4,5.73703418364266,4.0,7.211102550927978,0.0,3.605551275463989,4,6.554467619763322,2.6058421076496554,9.963762680834986,3.2979377913515893,4.239593742060109,5.735969155167431,11.577525264926006
r0059,/home/thekaka/project/cytosim/ast/tethered_mt_free_actin_pilot/save/r0059,small_system (small 12x12x1.2 um),small_system,05_growing_mt_perinuclear_actin_long,r0004,"Growing tethered MT asters from short seeds, free perinuclear actin, doubled actin pool.",1200,6.0,48.0,1.5,0.0,1.5,1.5,72.0,0.0,32.0,1.0,0.0,1.0,1.0,32.0,0.0,164.0,5.507,25.602,0.491,12.461,903.2,1573.6,32.0,0.3,0.0,0.3,0.3,9.6,0.0,831.2,12.544444444444444,4,5.73703418364266,4.0,7.211102550927978,0.0,3.605551275463989,4,9.53069273486634,2.417252154823738,12.767713559208634,2.4902253585268146,5.960521812354971,8.065719464953464,11.756287777185449
r0060,/home/thekaka/project/cytosim/ast/tethered_mt_free_actin_pilot/save/r0060,small_system (small 12x12x1.2 um),small_system,05_growing_mt_perinuclear_actin_long,r0005,"Growing tethered MT asters from short seeds, free perinuclear actin, doubled actin pool.",1200,6.0,48.0,1.5,0.0,1.5,1.5,72.0,0.0,32.0,1.0,0.0,1.0,1.0,32.0,0.0,164.0,5.507,25.602,0.491,12.461,903.2,1573.6,32.0,2.217,57.45,0.3,33.829,71.0,0.0,831.2,12.544444444444444,4,5.73703418364266,4.0,7.211102550927978,0.0,3.605551275463989,4,10.630212844900877,1.0326068903508243,16.375522442352796,3.9975728689418535,6.6419475730540185,6.8163724980995015,9.69596537431936
r0061,/home/thekaka/project/cytosim/ast/tethered_mt_free_actin_pilot/save/r0061,small_system (small 12x12x1.2 um),small_system,06_division_fixed_mt_perinuclear_actin_long,r0001,Two-to-four division with fixed-length tethered MTs and free perinuclear actin.,1200,6.0,24.0,1.5,0.0,1.5,1.5,36.0,0.0,16.0,6.0,0.0,6.0,6.0,96.0,0.0,140.0,6.288,31.534,0.528,16.0,880.3,970.0,32.0,6.0,0.0,6.0,6.0,192.0,0.0,844.3,24.452777777777776,2,6.0,6.0,6.0,2.0,3.0,4,3.1507859122075526,1.2800317730431539,5.314817853887376,1.6121050035590114,1.9288249283926389,nan,nan
r0062,/home/thekaka/project/cytosim/ast/tethered_mt_free_actin_pilot/save/r0062,small_system (small 12x12x1.2 um),small_system,06_division_fixed_mt_perinuclear_actin_long,r0002,Two-to-four division with fixed-length tethered MTs and free perinuclear actin.,1200,6.0,24.0,1.5,0.0,1.5,1.5,36.0,0.0,16.0,6.0,0.0,6.0,6.0,96.0,0.0,140.0,6.288,31.534,0.528,16.0,880.3,970.0,32.0,6.0,0.0,6.0,6.0,192.0,0.0,844.3,24.452777777777776,2,6.0,6.0,6.0,2.0,3.0,4,2.0695773190118305,0.995672817746874,3.3991963432552703,0.2703131112709851,1.247834540227987,nan,nan
r0063,/home/thekaka/project/cytosim/ast/tethered_mt_free_actin_pilot/save/r0063,small_system (small 12x12x1.2 um),small_system,06_division_fixed_mt_perinuclear_actin_long,r0003,Two-to-four division with fixed-length tethered MTs and free perinuclear actin.,1200,6.0,24.0,1.5,0.0,1.5,1.5,36.0,0.0,16.0,6.0,0.0,6.0,6.0,96.0,0.0,140.0,6.288,31.534,0.528,16.0,880.3,970.0,32.0,6.0,0.0,6.0,6.0,192.0,0.0,844.3,24.452777777777776,2,6.0,6.0,6.0,2.0,3.0,4,3.511176999224841,1.6412698803061,4.665701985768058,0.7827015395410949,2.2368811688478396,nan,nan
r0064,/home/thekaka/project/cytosim/ast/tethered_mt_free_actin_pilot/save/r0064,small_system (small 12x12x1.2 um),small_system,06_division_fixed_mt_perinuclear_actin_long,r0004,Two-to-four division with fixed-length tethered MTs and free perinuclear actin.,1200,6.0,24.0,1.5,0.0,1.5,1.5,36.0,0.0,16.0,6.0,0.0,6.0,6.0,96.0,0.0,140.0,6.288,31.534,0.528,16.0,880.3,970.0,32.0,6.0,0.0,6.0,6.0,192.0,0.0,844.3,24.452777777777776,2,6.0,6.0,6.0,2.0,3.0,4,2.4601859803129056,1.3590137931603197,3.5251001886471256,0.5205568292703496,1.4187276070964108,nan,nan
r0065,/home/thekaka/project/cytosim/ast/tethered_mt_free_actin_pilot/save/r0065,small_system (small 12x12x1.2 um),small_system,06_division_fixed_mt_perinuclear_actin_long,r0005,Two-to-four division with fixed-length tethered MTs and free perinuclear actin.,1200,6.0,24.0,1.5,0.0,1.5,1.5,36.0,0.0,16.0,6.0,0.0,6.0,6.0,96.0,0.0,140.0,6.288,31.534,0.528,16.0,880.3,970.0,32.0,6.0,0.0,6.0,6.0,192.0,0.0,844.3,24.452777777777776,2,6.0,6.0,6.0,2.0,3.0,4,4.363296411410963,2.179387301513891,6.2265012093470276,1.095227549416102,2.641948539027884,nan,nan
r0066,/home/thekaka/project/cytosim/ast/tethered_mt_free_actin_pilot/save/r0066,small_system (small 12x12x1.2 um),small_system,07_division_growing_mt_perinuclear_actin_long,r0001,Two-to-four division with growing tethered MTs and free perinuclear actin.,1200,6.0,24.0,1.5,0.0,1.5,1.5,36.0,0.0,16.0,1.0,0.0,1.0,1.0,16.0,0.0,140.0,6.288,31.534,0.528,16.0,880.3,970.0,32.0,0.626,2.89,0.3,9.908,20.0,0.0,844.3,24.452777777777776,2,6.0,6.0,6.0,2.0,3.0,4,8.081580301805737,1.010979579417903,10.668704808457305,3.0050074959349105,5.314249397417542,nan,nan
r0067,/home/thekaka/project/cytosim/ast/tethered_mt_free_actin_pilot/save/r0067,small_system (small 12x12x1.2 um),small_system,07_division_growing_mt_perinuclear_actin_long,r0002,Two-to-four division with growing tethered MTs and free perinuclear actin.,1200,6.0,24.0,1.5,0.0,1.5,1.5,36.0,0.0,16.0,1.0,0.0,1.0,1.0,16.0,0.0,140.0,6.288,31.534,0.528,16.0,880.3,970.0,32.0,1.536,23.705,0.3,21.098,49.1,0.0,844.3,24.452777777777776,2,6.0,6.0,6.0,2.0,3.0,4,7.444824436135302,2.2460508475989585,11.380304393995795,4.229247958340229,4.693259475458994,nan,nan
r0068,/home/thekaka/project/cytosim/ast/tethered_mt_free_actin_pilot/save/r0068,small_system (small 12x12x1.2 um),small_system,07_division_growing_mt_perinuclear_actin_long,r0003,Two-to-four division with growing tethered MTs and free perinuclear actin.,1200,6.0,24.0,1.5,0.0,1.5,1.5,36.0,0.0,16.0,1.0,0.0,1.0,1.0,16.0,0.0,140.0,6.288,31.534,0.528,16.0,880.3,970.0,32.0,0.3,0.0,0.3,0.3,9.6,0.0,844.3,24.452777777777776,2,6.0,6.0,6.0,2.0,3.0,4,5.793073226360022,1.1693298465360404,11.04500911860194,5.282734140871089,3.1671477242366057,nan,nan
r0069,/home/thekaka/project/cytosim/ast/tethered_mt_free_actin_pilot/save/r0069,small_system (small 12x12x1.2 um),small_system,07_division_growing_mt_perinuclear_actin_long,r0004,Two-to-four division with growing tethered MTs and free perinuclear actin.,1200,6.0,24.0,1.5,0.0,1.5,1.5,36.0,0.0,16.0,1.0,0.0,1.0,1.0,16.0,0.0,140.0,6.288,31.534,0.528,16.0,880.3,970.0,32.0,1.334,34.208,0.3,33.386,42.7,0.0,844.3,24.452777777777776,2,6.0,6.0,6.0,2.0,3.0,4,9.793268165251073,3.818556220615325,16.093889614384707,1.6475433719632395,6.182235682000453,nan,nan
r0070,/home/thekaka/project/cytosim/ast/tethered_mt_free_actin_pilot/save/r0070,small_system (small 12x12x1.2 um),small_system,07_division_growing_mt_perinuclear_actin_long,r0005,Two-to-four division with growing tethered MTs and free perinuclear actin.,1200,6.0,24.0,1.5,0.0,1.5,1.5,36.0,0.0,16.0,1.0,0.0,1.0,1.0,16.0,0.0,140.0,6.288,31.534,0.528,16.0,880.3,970.0,32.0,1.748,35.751,0.3,30.588,56.0,0.0,844.3,24.452777777777776,2,6.0,6.0,6.0,2.0,3.0,4,8.006820956508255,1.3479336667655428,13.235220128505608,2.8338341138817564,4.939299315308109,nan,nan
